-- MySQL dump 10.13  Distrib 8.0.44, for Win64 (x86_64)
--
-- Host: shuttle.proxy.rlwy.net    Database: railway
-- ------------------------------------------------------
-- Server version	9.4.0

/*!40101 SET @OLD_CHARACTER_SET_CLIENT=@@CHARACTER_SET_CLIENT */;
/*!40101 SET @OLD_CHARACTER_SET_RESULTS=@@CHARACTER_SET_RESULTS */;
/*!40101 SET @OLD_COLLATION_CONNECTION=@@COLLATION_CONNECTION */;
/*!50503 SET NAMES utf8 */;
/*!40103 SET @OLD_TIME_ZONE=@@TIME_ZONE */;
/*!40103 SET TIME_ZONE='+00:00' */;
/*!40014 SET @OLD_UNIQUE_CHECKS=@@UNIQUE_CHECKS, UNIQUE_CHECKS=0 */;
/*!40014 SET @OLD_FOREIGN_KEY_CHECKS=@@FOREIGN_KEY_CHECKS, FOREIGN_KEY_CHECKS=0 */;
/*!40101 SET @OLD_SQL_MODE=@@SQL_MODE, SQL_MODE='NO_AUTO_VALUE_ON_ZERO' */;
/*!40111 SET @OLD_SQL_NOTES=@@SQL_NOTES, SQL_NOTES=0 */;

--
-- Table structure for table `alerts`
--

DROP TABLE IF EXISTS `alerts`;
/*!40101 SET @saved_cs_client     = @@character_set_client */;
/*!50503 SET character_set_client = utf8mb4 */;
CREATE TABLE `alerts` (
  `id` varchar(36) NOT NULL DEFAULT (uuid()),
  `type` enum('low_stock','overdue_task','weather','stage_change') NOT NULL,
  `severity` enum('info','warning','critical') NOT NULL DEFAULT 'info',
  `title` text NOT NULL,
  `message` text NOT NULL,
  `is_read` tinyint(1) DEFAULT '0',
  `related_id` varchar(36) DEFAULT NULL,
  `created_at` timestamp NULL DEFAULT (now()),
  PRIMARY KEY (`id`)
) ENGINE=InnoDB DEFAULT CHARSET=utf8mb4 COLLATE=utf8mb4_0900_ai_ci;
/*!40101 SET character_set_client = @saved_cs_client */;

--
-- Dumping data for table `alerts`
--

LOCK TABLES `alerts` WRITE;
/*!40000 ALTER TABLE `alerts` DISABLE KEYS */;
/*!40000 ALTER TABLE `alerts` ENABLE KEYS */;
UNLOCK TABLES;

--
-- Table structure for table `climate_readings`
--

DROP TABLE IF EXISTS `climate_readings`;
/*!40101 SET @saved_cs_client     = @@character_set_client */;
/*!50503 SET character_set_client = utf8mb4 */;
CREATE TABLE `climate_readings` (
  `id` varchar(36) NOT NULL DEFAULT (uuid()),
  `temperature` float DEFAULT NULL,
  `humidity` float DEFAULT NULL,
  `rainfall` float DEFAULT NULL,
  `light_intensity` float DEFAULT NULL,
  `soil_moisture` float DEFAULT NULL,
  `soil_ph` float DEFAULT NULL,
  `wind_speed` float DEFAULT NULL,
  `location` varchar(100) DEFAULT NULL,
  `recorded_at` timestamp NULL DEFAULT (now()),
  PRIMARY KEY (`id`)
) ENGINE=InnoDB DEFAULT CHARSET=utf8mb4 COLLATE=utf8mb4_0900_ai_ci;
/*!40101 SET character_set_client = @saved_cs_client */;

--
-- Dumping data for table `climate_readings`
--

LOCK TABLES `climate_readings` WRITE;
/*!40000 ALTER TABLE `climate_readings` DISABLE KEYS */;
INSERT INTO `climate_readings` VALUES ('00170b7d-a84c-4aa0-a68d-fef6c919cb5e',27.6,80,0,478,NULL,6,3.6,'Hà Nội','2026-03-02 09:28:55'),('007c12c9-ded1-4ae8-a19b-9d4fb5a0bd03',23.1,97,0,0,NULL,6.3,7.4,'Hà Nội','2026-03-02 03:44:43'),('00c609e0-7d85-4f0d-a967-4caf84f494cc',29.1,71,0,448,NULL,6,6,'Hà Nội','2026-03-02 15:13:30'),('00fcbbd0-2fb7-48b4-b9d6-29abfacf9c55',25.3,88,0,617,NULL,6.1,3.7,'Hà Nội','2026-03-02 02:53:02'),('0188b63a-e8d4-4009-8828-a6ac27ac8784',23.9,95,0,0,NULL,5.9,11.6,'Hà Nội','2026-03-01 15:17:47'),('01d492c9-07c3-4411-b845-16f1cd25892b',24.7,91,0,0,NULL,6.1,12.3,'Hà Nội','2026-03-02 04:39:03'),('01eee991-f402-4338-9195-7a9a4ea4eb7f',23.3,97,0,524,NULL,6.1,5.7,'Hà Nội','2026-03-02 03:44:43'),('0262184a-eb05-4128-99c9-c2d6b496a631',24.5,91,0,0,NULL,6,12,'Hà Nội','2026-03-02 06:32:02'),('026d030d-e611-45d2-86d3-792fb962f378',32.2,66,0,585,NULL,6.2,10.3,'Hà Nội','2026-03-02 02:53:02'),('02769476-163b-4a24-ac73-53504e2ef1a4',24.2,92,0,0,NULL,6.2,11.3,'Hà Nội','2026-03-02 07:06:33'),('02d02f43-6d2b-4e85-a761-1e7d91c78a5f',32.2,66,0,483,NULL,6,10.3,'Hà Nội','2026-03-01 15:00:31'),('02fe2ffb-2e95-41e9-b54a-6a5835872709',24.2,92,0,0,NULL,6.2,12.5,'Hà Nội','2026-03-02 02:13:49'),('031180f7-5492-4032-8718-ddf25a77b0ed',24.3,93,0,0,NULL,6.4,11.3,'Hà Nội','2026-03-02 15:13:30'),('034250de-08b9-4eee-8c2e-c0e1ec091be8',25,92,0,0,NULL,6.5,13,'Hà Nội','2026-03-01 14:06:02'),('0348b33d-4742-40f3-b4b5-8f4e806031c4',23,97,0,455,NULL,6.2,5.4,'Hà Nội','2026-03-01 15:10:08'),('03fa9bb4-86b3-4d79-a7e8-21318f570e57',24,94,0,411,NULL,6.3,5.6,'Hà Nội','2026-03-02 15:13:30'),('044613d7-7eb3-4b3c-a3f0-53dfb9704ff4',23.9,95,0,0,NULL,6.1,11.6,'Hà Nội','2026-03-02 02:53:02'),('04ae812f-23cb-41ca-8685-3176cb9a06e1',23.6,95,0,0,NULL,6.5,10.9,'Hà Nội','2026-03-02 12:38:19'),('05244362-1312-4665-bda9-4a3cc85b4c10',31.4,59,0,544,NULL,5.9,9.8,'Hà Nội','2026-03-02 15:13:30'),('053f27e8-038d-4632-a9df-9b013fb9d7fe',30.8,61,0,441,NULL,6,10.9,'Hà Nội','2026-03-02 14:27:04'),('054a0269-393f-4e85-a983-28b33755972f',31.9,63,0,897,NULL,6.1,4.2,'Hà Nội','2026-03-02 02:53:02'),('0569bf46-c068-4414-a624-dbe0252c07be',29.2,73,0,514,NULL,6.5,5.1,'Hà Nội','2026-03-02 16:09:33'),('056f3d6b-92ad-4291-9877-494982b1c573',24.2,92,0,0,NULL,6.2,12.5,'Hà Nội','2026-03-02 02:24:55'),('05ba1b5a-1de7-4d12-bc04-ac460d41152e',28.7,75,0,0,NULL,6.3,14,'Hà Nội','2026-03-02 04:39:03'),('0614bffe-77f0-4dc0-94d0-483b1ca129a5',24.9,90,0,0,NULL,6.4,12.3,'Hà Nội','2026-03-02 09:28:55'),('061e2a7f-4b56-494b-87fc-11dd97352484',29.8,64,0,405,NULL,5.9,16.9,'Hà Nội','2026-03-01 15:00:31'),('06490c97-8597-43db-8aac-fb878ac286a6',27.7,76,0,0,NULL,6,17.2,'Hà Nội','2026-03-01 14:06:01'),('065164f6-7de8-4db1-9dcc-4f148fed3c46',23.1,97,0,0,NULL,5.9,7.4,'Hà Nội','2026-03-02 12:38:08'),('0729838e-ca9c-464d-9777-e2a7b07db130',32.3,64,0,694,NULL,6.2,7.8,'Hà Nội','2026-03-01 15:21:19'),('07651f54-0d3a-42b1-b518-735abc948664',25.3,88,0,0,NULL,6.1,13.8,'Hà Nội','2026-03-02 02:52:16'),('07c04999-71bb-4e3e-82af-e37a2fb42e20',25.6,87,0,0,NULL,6.4,14,'Hà Nội','2026-03-01 15:10:08'),('07ece162-9cc6-456f-9789-8e88ada84c94',25.6,89,0,0,NULL,6,15.5,'Hà Nội','2026-03-01 14:10:55'),('07f3d5cd-a868-4d20-b13a-585da046bada',24,94,0,603,NULL,6.4,5.6,'Hà Nội','2026-03-02 16:20:15'),('0838303a-9863-4be4-80a5-04a79317c338',23.4,96,0,0,NULL,6.5,10.4,'Hà Nội','2026-03-01 15:21:18'),('083a845f-4965-4830-bba6-8730cc555882',29.2,73,0,439,NULL,6.1,5.1,'Hà Nội','2026-03-02 07:06:33'),('08592a3b-e094-4624-b1d4-5009ee19dcd5',30.3,71,0,984,NULL,6.3,17.9,'Hà Nội','2026-03-01 15:21:19'),('087cf4c2-52c9-4b6b-b038-0c3dd5ba88d1',30.8,61,0,477,NULL,6,10.9,'Hà Nội','2026-03-02 15:03:26'),('08965b67-4d5f-41b3-8b20-4b8eee4a496e',24.3,94,0,678,NULL,6.4,5.7,'Hà Nội','2026-03-02 15:22:16'),('08cc70e7-08ad-4fdd-b997-d0527b6d282d',30.8,60,0,408,NULL,6.2,16.6,'Hà Nội','2026-03-01 15:00:31'),('08cfba85-480a-40d1-84e7-30dc08b5dd20',23.9,94,0,653,NULL,6.3,7.2,'Hà Nội','2026-03-02 02:13:49'),('08dc9a83-3530-417d-bdb5-474d9da23862',30.6,67,0,894,NULL,6.3,6.3,'Hà Nội','2026-03-02 02:52:16'),('08e02044-2cb0-4c51-b7dd-5bb3cedf3769',28.7,75,0,0,NULL,6.1,14,'Hà Nội','2026-03-02 15:11:02'),('090d9fb8-72f2-418d-9a4e-8f88bb2ad30f',24.3,94,0,574,NULL,6.2,5.7,'Hà Nội','2026-03-02 15:08:37'),('093f63ff-fae8-40dc-ae28-270a6adcd0ac',24.6,93,0,0,NULL,6.4,10.5,'Hà Nội','2026-03-01 15:34:18'),('09656b17-a6bd-44da-8f69-50f6cc6578cc',27.5,80,0,0,NULL,6,17.4,'Hà Nội','2026-03-02 02:24:55'),('0a81fcd3-b1a2-4e79-8e94-242a24c1ee1e',23.4,98,0,657,NULL,6.5,4.3,'Hà Nội','2026-03-02 16:20:15'),('0aea5228-7238-4c55-a5c9-2c7274eb7622',25.8,87,0,0,NULL,6,14.1,'Hà Nội','2026-03-02 06:32:02'),('0afe7583-3853-4955-9958-4a34b5308f83',23.3,96,0,0,NULL,6,7.9,'Hà Nội','2026-03-02 15:03:26'),('0bc5230d-e1d7-4991-91a5-9ac004c4667c',27.7,81,0,0,NULL,6.4,14.8,'Hà Nội','2026-03-01 15:17:59'),('0bea52b6-77fa-465f-9650-8b820935c8b4',29.9,66,0,555,NULL,6.2,14,'Hà Nội','2026-03-02 03:44:43'),('0c7630d1-2af1-454f-ae31-ffc7fd64a870',24.7,91,0,0,NULL,6.1,12.3,'Hà Nội','2026-03-02 16:20:15'),('0c92cbd4-b809-42c5-bbb2-c65e77228332',29.4,70,0,826,NULL,6.4,6.8,'Hà Nội','2026-03-02 02:13:49'),('0cf3d488-4dd8-4a9b-b3f2-91f6d4291857',23.3,97,0,456,NULL,6.3,5.7,'Hà Nội','2026-03-02 02:13:49'),('0d2b2a88-4bc0-4afd-917d-d07492254158',23.2,97,0,0,NULL,6.4,6,'Hà Nội','2026-03-02 15:03:26'),('0d8e0905-af6f-4a26-b128-86cd856b03d0',31.3,61,0,977,NULL,6.1,8.7,'Hà Nội','2026-03-02 15:13:30'),('0db01d69-daa7-43f8-ba30-946d49d4e0a9',32.3,64,0,658,NULL,6.4,7.8,'Hà Nội','2026-03-02 15:03:26'),('0dcb2e04-146d-4c92-b6dd-4d29aa886c9e',25.5,87,0,0,NULL,6.1,15.1,'Hà Nội','2026-03-02 02:24:55'),('0de21ece-4169-4ae5-b967-95e48ccd1b6f',23.4,96,0,0,NULL,6,9.7,'Hà Nội','2026-03-02 14:27:04'),('0e61e786-b58a-458e-8349-d49bb2779359',32.2,66,0,678,NULL,6.1,10.3,'Hà Nội','2026-03-01 15:21:19'),('0eb2d7bc-3c32-4c68-b92e-0b5c28eb0dcb',23.6,95,0,0,NULL,6,10.9,'Hà Nội','2026-03-02 16:09:33'),('0f01f04f-f137-43d6-9d83-272529261c9f',29.2,73,0,630,NULL,6.3,5.1,'Hà Nội','2026-03-01 15:34:18'),('0f0cd292-2631-48df-9072-436baf6150bd',31.3,61,0,909,NULL,6.5,8.7,'Hà Nội','2026-03-02 16:20:15'),('0f3a1c3c-9d24-44d0-b4b0-ff8be1a6ebf8',32.3,64,0,666,NULL,6,7.8,'Hà Nội','2026-03-02 14:27:04'),('0fc17510-5c08-4215-bbe9-9a7d23996064',27.5,80,0,0,NULL,6,17.4,'Hà Nội','2026-03-02 02:13:49'),('0fce6755-9e4b-4b61-ab77-764cd2d02841',31.3,60,0,603,NULL,6.4,13.7,'Hà Nội','2026-03-02 02:53:02'),('102380b1-541f-4de1-b022-86f5deaa7469',27.7,78,0,570,NULL,6.1,4,'Hà Nội','2026-03-02 04:39:04'),('102c54e3-2a2b-4abc-b781-3a1ea37f7777',23.1,97,0,0,NULL,6.4,7.4,'Hà Nội','2026-03-02 06:32:02'),('105ae0b9-3130-4898-907d-11e0498e28a5',31.5,68,0,849,NULL,6.5,12,'Hà Nội','2026-03-02 16:09:33'),('10833fc6-51e2-493d-af51-4a2e8c8da49d',31.4,59,0,674,NULL,6.3,9.8,'Hà Nội','2026-03-02 15:11:02'),('108dd017-cfc7-48e1-b14f-f8d62e7242d0',24.5,91,0,0,NULL,6.2,13.2,'Hà Nội','2026-03-02 02:24:55'),('10a2e7c8-c08e-401d-89a8-0d81fd5895cd',26.2,86,0,0,NULL,6.1,13.3,'Hà Nội','2026-03-02 12:38:29'),('10bc02a4-a2ee-4972-826a-68e8b0fc5fa5',32.3,64,0,477,NULL,6,7.8,'Hà Nội','2026-03-02 16:09:33'),('10c54ad7-6880-406f-90d9-fb1821a906c1',24.5,91,0,0,NULL,6.2,12,'Hà Nội','2026-03-02 09:28:55'),('10edd654-4672-4069-a678-a81d4b46d82c',28.7,75,0,0,NULL,6.5,14,'Hà Nội','2026-03-01 15:34:18'),('11abbc75-4ae6-43d7-b0da-3410f01163d4',23.9,94,0,0,NULL,6.2,12.2,'Hà Nội','2026-03-02 02:52:16'),('11db992d-1361-4d0f-8db2-c6dea197eed4',23.1,97,0,629,NULL,5.9,6.3,'Hà Nội','2026-03-02 15:13:30'),('11ec4e01-790d-40b5-824f-98dc76bb42b0',32.3,64,0,480,NULL,6.3,7.8,'Hà Nội','2026-03-02 12:38:13'),('12079886-1763-47df-b9be-f4503f63528a',30.8,60,0,578,NULL,6.2,16.6,'Hà Nội','2026-03-01 15:34:18'),('122327ac-82fa-4bfd-b7e8-92dc0a424eb2',23.1,97,0,0,NULL,6.5,7.4,'Hà Nội','2026-03-02 15:11:02'),('12479604-188d-4d29-bd99-f426b7588a7b',25.3,88,0,617,NULL,6.1,3.7,'Hà Nội','2026-03-02 02:52:16'),('1278e4b9-2689-49b9-8ce3-15e6c08aaa73',31.2,61,0,572,NULL,6.5,14.7,'Hà Nội','2026-03-01 15:21:18'),('129be8a4-eef6-46d8-acdd-51ba67642e7c',23.1,97,0,639,NULL,6.1,6.3,'Hà Nội','2026-03-02 15:11:02'),('12bc7bd7-5f82-4b9f-8ec0-bec850624e7a',32.3,64,0,455,NULL,6,7.8,'Hà Nội','2026-03-02 16:20:15'),('12c5d982-ecb5-4e14-878d-673971ae5688',31.9,63,0,930,NULL,6.1,4.2,'Hà Nội','2026-03-02 15:03:26'),('12e540b5-6f2f-452d-93ca-4b24561760c0',23.2,97,0,0,NULL,6.3,7.7,'Hà Nội','2026-03-01 14:10:55'),('12f24c30-52e4-4c42-b3b0-7bb32c5dfe92',30.6,67,0,957,NULL,6.3,6.3,'Hà Nội','2026-03-02 16:20:15'),('1310b1e5-c5c5-4ec1-8c15-dbb080c901cf',24.3,94,0,432,NULL,6.1,5.7,'Hà Nội','2026-03-02 02:53:02'),('13537233-1d10-417a-a882-9f053a3daed1',24.3,93,0,0,NULL,6,11.3,'Hà Nội','2026-03-02 12:38:30'),('13b15899-ed8e-48db-9a7f-e892444b8073',31.6,60,0,955,NULL,6.5,10.6,'Hà Nội','2026-03-02 16:09:33'),('13b1e29c-b640-488c-a16a-086fd3d9d3ef',25.4,90,0,0,NULL,6.4,13.2,'Hà Nội','2026-03-02 16:09:33'),('13be8376-6e1a-4ba7-be7f-576ec01f2bbc',24.3,94,0,473,NULL,6,5.7,'Hà Nội','2026-03-02 07:06:33'),('149d0fb2-05d8-4a5f-be30-2aa80e6d7fc2',23.8,95,0,0,NULL,6,10.1,'Hà Nội','2026-03-01 14:06:04'),('14e4894f-241d-4896-959a-df86707c9e99',28.7,75,0,0,NULL,6.1,14,'Hà Nội','2026-03-02 03:44:43'),('150906cd-6ec9-4e37-a65a-571096237891',23,97,0,622,NULL,6.1,5.4,'Hà Nội','2026-03-01 14:06:06'),('15158330-c12d-4874-91a4-8ba98e753501',23.4,98,0,658,NULL,6,4.3,'Hà Nội','2026-03-01 15:00:31'),('15a18ec1-2f59-4eb0-989b-bc98c3306138',24.2,92,0,0,NULL,6.5,12.5,'Hà Nội','2026-03-02 15:22:16'),('15c24c64-9a3d-4a0e-b25e-ba99815a172f',23.3,96,0,0,NULL,6,7.9,'Hà Nội','2026-03-01 15:17:59'),('164db152-16e4-419c-87a2-bb3f94a0ccfd',27.5,80,0,0,NULL,6.3,17.4,'Hà Nội','2026-03-02 16:09:33'),('164ec6e0-cb5e-48d0-a597-59c9dc2ed86d',25.3,89,0,537,NULL,6.1,2.2,'Hà Nội','2026-03-02 14:27:04'),('16ad50b1-9107-47f0-bd7e-327607a3db5e',23,97,0,573,NULL,6.3,5.4,'Hà Nội','2026-03-01 15:17:59'),('16ad7d06-f3a2-4192-8075-fd97919882c3',23.9,95,0,639,NULL,6.5,10,'Hà Nội','2026-03-01 15:17:47'),('16b325e5-66d1-4cf7-b20e-b49ea9150336',27.6,80,0,539,NULL,6.1,3.6,'Hà Nội','2026-03-02 02:13:49'),('16bfcc4b-b296-46fa-a882-cdc5d034663e',30.4,65,0,842,NULL,6.4,6.9,'Hà Nội','2026-03-02 15:11:02'),('16d17a4c-7749-4421-84ca-a179fdc45f3f',29.2,73,0,425,NULL,6.3,5.1,'Hà Nội','2026-03-02 15:11:02'),('1737ec2d-2bde-4b2e-9b0d-7486193b6ac1',32.3,64,0,601,NULL,6.4,7.8,'Hà Nội','2026-03-01 15:00:31'),('179f6acf-5056-4ce4-9f64-31e1ed7fe22a',26.3,87,0,573,NULL,6.3,3.4,'Hà Nội','2026-03-01 15:17:47'),('17af422d-d444-4d5b-aa3c-8fbd1edd5924',31.3,60,0,956,NULL,6.1,9.3,'Hà Nội','2026-03-02 03:44:43'),('17b62438-5ef5-4844-9f5c-3a0a05418b45',29.1,71,0,599,NULL,6.1,6,'Hà Nội','2026-03-02 15:08:38'),('17e212d2-9dc3-45f5-a7c9-b99bab84fc59',26.2,85,0,0,NULL,6,16.3,'Hà Nội','2026-03-02 06:32:02'),('17fd722e-bf4b-411a-93ca-060cc8b74ad2',25.1,89,0,582,NULL,5.9,10.8,'Hà Nội','2026-03-01 15:17:47'),('181ec995-915d-4f75-a734-627d783a2d79',24.2,92,0,0,NULL,6.1,11.7,'Hà Nội','2026-03-02 03:44:43'),('1821d095-8fc0-4794-b6c1-efffb47c6e01',29.3,69,0,586,NULL,6.2,13.1,'Hà Nội','2026-03-01 15:10:08'),('18b9c2ae-a6b3-4014-baa0-747db1944bd5',31.5,68,0,877,NULL,6.2,12,'Hà Nội','2026-03-01 14:10:55'),('18ea7005-de88-4037-8848-cbf2249a9273',24.9,90,0,0,NULL,6,12.3,'Hà Nội','2026-03-02 07:06:33'),('18f55a6c-a37a-4808-99d8-9e5fcb010b31',25.3,89,0,491,NULL,6.4,2.2,'Hà Nội','2026-03-02 15:11:02'),('1908943c-e3f8-4269-9e64-aa9fa03dbc64',23.8,95,0,0,NULL,6.1,10.1,'Hà Nội','2026-03-02 03:44:43'),('190f4498-5d81-40ab-9950-989374625b0c',29.2,73,0,486,NULL,5.9,5.1,'Hà Nội','2026-03-01 15:17:59'),('193a6877-9ee2-46ec-b14d-598b7bf323e1',27.7,78,0,448,NULL,6.4,4,'Hà Nội','2026-03-02 07:06:33'),('195d35c9-b0d8-434a-a2d3-246f85d574a3',30.6,67,0,982,NULL,6.3,6.3,'Hà Nội','2026-03-02 16:09:33'),('19a9513d-4a88-4dfd-8ff3-e704d6cadd92',23.9,94,0,0,NULL,5.9,12.2,'Hà Nội','2026-03-02 15:13:30'),('19b13dd4-332b-44dd-a4c7-728adcba5562',30.6,67,0,845,NULL,6.2,6.3,'Hà Nội','2026-03-02 09:28:55'),('19c8329b-c5ef-4401-b89f-2b4d5d1611f9',29.2,69,0,0,NULL,6.3,12.8,'Hà Nội','2026-03-02 12:38:28'),('19d8dd4f-cc12-4ee8-a0db-aaac31dbc2fe',26.8,81,0,657,NULL,6.5,4.1,'Hà Nội','2026-03-02 02:24:55'),('19dc1dc7-ac54-43d5-841c-a2fee038e90c',30.3,71,0,805,NULL,6,17.9,'Hà Nội','2026-03-02 09:28:55'),('1a209bd1-ed4b-48ab-8475-a9bcf3784015',25.5,87,0,0,NULL,6.1,15.1,'Hà Nội','2026-03-02 02:13:49'),('1a44afc4-5baa-4804-be77-005161e44910',23.9,94,0,0,NULL,6,12.2,'Hà Nội','2026-03-02 16:09:33'),('1a86c2d5-96a6-433a-84f3-0fb79f05ff64',23.8,95,0,0,NULL,6,10.1,'Hà Nội','2026-03-02 09:28:55'),('1aa0941c-72d9-40ff-b47f-ebde416f6427',26.2,87,0,0,NULL,5.9,12,'Hà Nội','2026-03-02 16:20:15'),('1aa5911e-72a8-48c6-8b7b-633ce8a10cbd',23.2,98,0,428,NULL,6,6.4,'Hà Nội','2026-03-01 14:10:55'),('1adf0024-9627-465f-b5af-2e67db332e6a',30.4,65,0,907,NULL,6.5,7.4,'Hà Nội','2026-03-02 06:32:02'),('1ae75a82-7591-4f6f-baf3-3f4c09da1eb8',24.2,92,0,0,NULL,6.2,12.5,'Hà Nội','2026-03-02 16:20:15'),('1aed160d-f110-4895-81bb-a5704a49bc4e',23.4,98,0,493,NULL,6.5,4.3,'Hà Nội','2026-03-01 15:17:59'),('1b18485b-4a7f-456d-a6fb-994bb68be648',30.9,60,0,527,NULL,6.4,15.6,'Hà Nội','2026-03-01 15:34:18'),('1b1e6245-899e-4a1f-a4d6-9095120b8f9b',25.3,89,0,446,NULL,6.1,2.2,'Hà Nội','2026-03-02 04:39:04'),('1b35a078-88b3-4cb0-b648-b6a97e91a8f9',24.5,91,0,0,NULL,6.1,13.2,'Hà Nội','2026-03-02 02:53:02'),('1bc40559-4626-417f-9f64-6851d186ced2',23.2,97,0,0,NULL,6.1,7.7,'Hà Nội','2026-03-01 15:00:31'),('1c73fac8-4ef1-4ce2-9b08-cf26583d9e5c',23.1,97,0,0,NULL,6.2,4.7,'Hà Nội','2026-03-02 02:52:16'),('1c7e6c4e-f85c-4f6e-ab17-43007fefd2d7',23.8,95,0,0,NULL,6.4,10.1,'Hà Nội','2026-03-02 15:08:37'),('1caf5f5a-16ef-40ae-a912-8c8f5984386d',23.3,96,0,0,NULL,6,7.9,'Hà Nội','2026-03-01 15:21:19'),('1d10d117-7592-4a84-87f5-00a2c4a32574',23.6,95,0,0,NULL,6.3,10.9,'Hà Nội','2026-03-02 15:08:38'),('1d32600f-d483-4070-b185-be433ff75600',23.3,96,0,0,NULL,6,7.9,'Hà Nội','2026-03-02 16:20:15'),('1ddd4ad5-6ed8-4a06-9a38-ced87d0a5a52',27.6,80,0,451,NULL,6.3,3.6,'Hà Nội','2026-03-02 15:11:02'),('1ddf3687-3158-4250-9074-4e0f1d7ff5f1',31.2,61,0,804,NULL,6.2,9.1,'Hà Nội','2026-03-02 04:39:04'),('1e02cc03-7019-4d22-bb87-c95399a01a08',23.4,95,0,0,NULL,5.9,11.2,'Hà Nội','2026-03-01 14:05:50'),('1e3263dd-19b2-4ac1-bee1-50ddba24addc',25.1,89,0,582,NULL,5.9,10.8,'Hà Nội','2026-03-01 15:17:59'),('1eacc879-d8ba-424c-bcc6-cf2ba26ce835',31.4,59,0,548,NULL,6.1,9.8,'Hà Nội','2026-03-02 12:38:27'),('1ec404e0-443b-4862-93ab-2aad2ebfdeec',23.9,95,0,504,NULL,6.3,10,'Hà Nội','2026-03-01 15:00:31'),('1eca107d-e079-4c38-b0f3-66a5c96bd6cd',24.8,89,0,0,NULL,6.3,14.3,'Hà Nội','2026-03-02 02:13:49'),('1ee5b651-ebef-4933-8cde-d0a10a9189c9',29.1,71,0,448,NULL,6,6,'Hà Nội','2026-03-02 15:22:16'),('1f0c0f5d-6580-4b0b-bd98-2915d39e94b5',24.5,91,0,0,NULL,6.2,13.2,'Hà Nội','2026-03-02 02:13:49'),('1f29a1bc-4881-4b83-a906-91fb207a303b',30.3,71,0,969,NULL,6.3,17.9,'Hà Nội','2026-03-01 15:10:08'),('1f6a55c6-39f3-4580-9451-be0160873eed',27.7,76,0,0,NULL,6,17.2,'Hà Nội','2026-03-01 15:10:08'),('1f89da71-828e-4845-85d4-cc038ad93134',30.4,65,0,961,NULL,6.1,6.9,'Hà Nội','2026-03-02 15:13:30'),('1fe185da-d7b9-4ee4-a402-a651cd8d8914',23.1,97,0,0,NULL,6.3,4.7,'Hà Nội','2026-03-01 15:21:19'),('200319a8-0673-4c6a-85ce-af4ca15f76e4',23.3,97,0,0,NULL,6.3,9.4,'Hà Nội','2026-03-01 15:34:18'),('20120015-f643-4839-98fb-9deb3de835f4',31.2,61,0,881,NULL,6.1,9.1,'Hà Nội','2026-03-02 06:32:02'),('2078746c-53bc-4272-8cad-1f52caece2f0',25.3,89,0,491,NULL,6.4,2.2,'Hà Nội','2026-03-02 15:03:26'),('2083f158-9ea5-49f2-9ca1-c47252dba367',23.2,97,0,0,NULL,6.2,6,'Hà Nội','2026-03-02 02:13:49'),('20f4fd60-f009-482b-ad1d-0ca48baf4f1d',31.3,59,0,970,NULL,6.4,12.1,'Hà Nội','2026-03-02 04:39:04'),('2103f33f-5a3e-4bc1-92eb-c46b9f26235b',26.6,85,0,0,NULL,6.1,16.6,'Hà Nội','2026-03-01 15:34:18'),('212f8386-4eeb-4766-9d82-f69a2c0acaa8',30.6,67,0,894,NULL,6.3,6.3,'Hà Nội','2026-03-02 02:53:02'),('2153d648-c594-49db-9cf2-21096e78673c',26.8,81,0,600,NULL,6.2,4.1,'Hà Nội','2026-03-02 02:52:16'),('21cfa5f5-92a5-468d-97e1-652a91ef2366',23.1,97,0,0,NULL,6.1,7.4,'Hà Nội','2026-03-02 09:28:55'),('21e5848c-41b8-42b0-b8ef-16d3c354379c',29.4,70,0,826,NULL,6.4,6.8,'Hà Nội','2026-03-02 02:24:55'),('21e9003b-513f-4dad-9c0e-8faba3a25fca',29.3,69,0,586,NULL,6.2,13.1,'Hà Nội','2026-03-01 15:00:31'),('21f58f79-ada7-436f-89a1-4d3aff4cbb58',23,97,0,629,NULL,6.2,5.4,'Hà Nội','2026-03-02 03:44:43'),('222f5f25-313a-4694-840d-3ea670cb6a6a',23.9,95,0,0,NULL,6.4,11.6,'Hà Nội','2026-03-02 15:11:02'),('2251d23f-6321-4396-9805-f61a8b35c844',24.3,94,0,420,NULL,5.9,5.7,'Hà Nội','2026-03-01 15:10:08'),('22612e18-cb77-4364-b1ab-11ce693f80bd',23.4,96,0,466,NULL,6.4,4.3,'Hà Nội','2026-03-02 07:06:33'),('22c3edcd-428f-4c1f-8a82-bfaa255c5b61',23.2,97,0,623,NULL,6.5,6.6,'Hà Nội','2026-03-01 14:05:54'),('2398a8a5-7206-4ed2-9fc6-38c2c5a1b7d2',25.3,89,0,0,NULL,5.9,13.1,'Hà Nội','2026-03-02 15:22:16'),('23b93917-42d8-4d45-8355-8e91b5e23742',30.4,63,0,524,NULL,6.3,14,'Hà Nội','2026-03-02 04:39:04'),('24777308-5d47-4da8-ba6f-0bac83c9fc12',23.9,95,0,0,NULL,6.4,11.6,'Hà Nội','2026-03-02 15:13:30'),('247d13f2-1b90-47a1-a220-710ab39b6ebc',30.8,61,0,477,NULL,6,10.9,'Hà Nội','2026-03-02 15:11:02'),('24a5e871-8269-4f48-b30d-c09b515c7e42',27.6,80,0,539,NULL,6.1,3.6,'Hà Nội','2026-03-02 02:24:55'),('24c32de5-f098-420d-8a2c-88ad6fd38c71',23.4,98,0,610,NULL,6.2,4.3,'Hà Nội','2026-03-01 14:10:55'),('24fc2e9d-6a0d-429f-aaaa-903442392b9e',28.7,75,0,0,NULL,6.5,14,'Hà Nội','2026-03-01 15:17:47'),('2504a04f-b661-4909-8e6c-1ba520798344',23.4,96,0,598,NULL,6.1,4.3,'Hà Nội','2026-03-02 04:39:04'),('251a53e1-3462-4160-8d7b-b410cdf346b2',24.2,92,0,0,NULL,6,11.7,'Hà Nội','2026-03-02 02:13:49'),('2523d114-458b-4569-9aa5-b36ddba5fede',23.1,97,0,0,NULL,6.2,4.7,'Hà Nội','2026-03-01 14:10:55'),('2559f9c3-9c18-4611-b124-8056937be5a9',26.8,81,0,657,NULL,6.5,4.1,'Hà Nội','2026-03-02 02:13:49'),('2575e971-86ff-4a1d-b40e-47779697ce1c',23.5,95,0,0,NULL,6.4,9.7,'Hà Nội','2026-03-02 16:20:15'),('2577e156-070d-4f45-bea2-4bc3f271c06c',31.9,63,0,928,NULL,6.3,4.2,'Hà Nội','2026-03-02 02:24:55'),('25af9fb3-b737-4cbb-a56c-c34144ce92f6',23.2,98,0,0,NULL,6,8.8,'Hà Nội','2026-03-01 15:10:08'),('25b80299-32f0-4450-8208-55f56b40563e',29.1,71,0,490,NULL,6.2,6,'Hà Nội','2026-03-02 06:32:02'),('25d8290a-dd0b-46bc-b91e-be08fb472222',30.6,67,0,862,NULL,6.2,6.3,'Hà Nội','2026-03-02 04:39:03'),('2630b1f8-1052-4927-9647-aa88b88b790a',23,97,0,573,NULL,6.3,5.4,'Hà Nội','2026-03-01 15:17:47'),('2670b51e-7f5e-4494-9539-dde54b32be7f',26.2,85,0,0,NULL,6,16.3,'Hà Nội','2026-03-02 16:20:15'),('26c7d75a-0ecd-40ff-a8ad-7561f443fd79',31.9,63,0,849,NULL,5.9,4.2,'Hà Nội','2026-03-02 15:22:16'),('26ec3110-0359-4bf6-aae3-9b3ec724c629',29.4,70,0,972,NULL,6.3,6.8,'Hà Nội','2026-03-02 02:52:16'),('26f2e43a-e12c-4135-95e5-2b70c530fbc1',25.3,88,0,0,NULL,6.5,13.8,'Hà Nội','2026-03-02 15:22:16'),('272592c0-0cc9-462c-9573-5ca2457ae9c8',24.7,91,0,0,NULL,5.9,12.3,'Hà Nội','2026-03-02 02:13:49'),('275b171d-c0ee-412b-9d2b-f282e49dacfd',27.5,80,0,0,NULL,6.1,17.4,'Hà Nội','2026-03-02 14:27:04'),('2764b115-5e34-4abf-bd55-05dc71aa20dc',26.2,85,0,0,NULL,6,16.3,'Hà Nội','2026-03-02 04:39:03'),('27c7b633-f075-4f22-88f3-84c859920ed5',29.2,73,0,569,NULL,6.3,5.1,'Hà Nội','2026-03-02 03:44:43'),('2847b4d7-8b10-49d9-afef-c090c031ecfc',23.3,96,0,0,NULL,6.2,8,'Hà Nội','2026-03-02 02:53:02'),('28765989-da52-4a5e-b4e3-f8e6ce6bd746',30.6,64,0,421,NULL,6.1,8.4,'Hà Nội','2026-03-02 02:13:49'),('289bb234-2652-4f68-86a5-badc0926c270',32.3,64,0,488,NULL,6.4,7.8,'Hà Nội','2026-03-02 02:52:16'),('28db7872-ae1d-4a16-98ab-fa9c3796b66f',24,94,0,631,NULL,6,5.6,'Hà Nội','2026-03-02 12:38:23'),('28ee490d-1d87-4239-8ace-ad041ad9abfb',23.1,97,0,0,NULL,5.9,6.2,'Hà Nội','2026-03-02 02:24:55'),('292b9079-96a6-4762-b73f-92e77b818b15',29.4,70,0,972,NULL,6.3,6.8,'Hà Nội','2026-03-02 02:53:02'),('294fb790-0e94-49b5-825c-bbd5c747d31a',31.9,63,0,928,NULL,6.3,4.2,'Hà Nội','2026-03-02 02:13:49'),('296af44c-4e60-4a69-8038-88dba29a5d3b',28.7,75,0,0,NULL,6.1,14,'Hà Nội','2026-03-02 15:03:26'),('2970205c-bff5-41d5-9756-adbb98eaf495',25.3,89,0,561,NULL,6,2.2,'Hà Nội','2026-03-02 16:20:15'),('2985ca18-c0be-491a-b3ab-ed0253573d4c',24,94,0,684,NULL,6.3,5.6,'Hà Nội','2026-03-02 04:39:04'),('298bf4a1-9660-4629-b13b-7e6a6674eae0',26.5,84,0,0,NULL,6.4,14.3,'Hà Nội','2026-03-01 15:17:47'),('29fd8ac4-b40e-4b29-973b-8f633acdeafd',23.1,97,0,0,NULL,5.9,6.2,'Hà Nội','2026-03-02 02:13:49'),('2a09994b-a35a-49e2-a86c-13ae2ffd3fc0',24.3,94,0,512,NULL,6.5,5.7,'Hà Nội','2026-03-02 16:20:15'),('2a208fb0-29f7-43b9-ad8b-aad7f35b0bfd',29.8,64,0,623,NULL,6.4,16.9,'Hà Nội','2026-03-01 15:34:18'),('2a4b5aef-bf10-40a9-8dcd-afadb2155f67',27.8,76,0,566,NULL,6.3,3.8,'Hà Nội','2026-03-02 02:24:55'),('2a97ac88-b6ce-4a22-8f03-496d8a466116',23.8,95,0,0,NULL,6.2,10.1,'Hà Nội','2026-03-02 04:39:03'),('2ae9522c-de39-49d7-aef1-e85032fe12f5',24.6,90,0,0,NULL,6.2,13.6,'Hà Nội','2026-03-01 15:21:19'),('2aeb1ad3-79f2-48ac-a373-aa29a6fb6dc1',24.8,89,0,0,NULL,6.2,14.3,'Hà Nội','2026-03-02 02:53:02'),('2b0834a0-26ce-42b9-bf82-8e41a201393c',30.3,71,0,921,NULL,6.4,17.9,'Hà Nội','2026-03-01 14:10:55'),('2b15e1f2-8d41-4967-a39a-444b0d0cde9e',25.8,87,0,0,NULL,6.1,14.1,'Hà Nội','2026-03-02 07:06:33'),('2b61a5fa-fc8e-4866-84e5-2ab8b532faeb',23.2,97,0,0,NULL,6.2,6,'Hà Nội','2026-03-02 02:24:55'),('2bb7b934-a540-44e0-8e9f-bbd0397b3b34',29.2,73,0,425,NULL,6.3,5.1,'Hà Nội','2026-03-02 15:03:26'),('2c4422e4-07cf-404a-b1dd-840eb2031d87',24.3,94,0,574,NULL,6.2,5.7,'Hà Nội','2026-03-02 15:03:26'),('2c53f698-561f-4d6f-8cd8-c2e0774133d7',29.2,69,0,0,NULL,5.9,12.8,'Hà Nội','2026-03-02 16:09:33'),('2c77ccfc-b4c4-4ff4-b627-de5a4153e6bd',23.2,98,0,401,NULL,6.1,6.4,'Hà Nội','2026-03-01 15:34:18'),('2cb1f7fb-7b78-4954-80d8-92d901791f3c',31.5,68,0,823,NULL,6.1,12,'Hà Nội','2026-03-02 03:44:43'),('2cdf3096-fe61-4ddd-a1f0-ee5d4ce7d47e',23.2,98,0,0,NULL,6,8.8,'Hà Nội','2026-03-01 14:10:55'),('2d2bf59e-21fd-4897-bd11-45350b810f4d',23.3,96,0,0,NULL,6.3,8,'Hà Nội','2026-03-02 07:06:33'),('2d49e3f8-40ca-4a78-a97f-d48a9d147cd2',27.6,80,0,474,NULL,6.3,3.6,'Hà Nội','2026-03-02 14:27:04'),('2da9d274-6ae3-4aab-ab40-9a64feebfd45',23.9,95,0,0,NULL,5.9,11.6,'Hà Nội','2026-03-02 14:27:04'),('2de47e78-8790-4ff4-808c-302babeaff4b',23.1,97,0,0,NULL,6.3,4.7,'Hà Nội','2026-03-02 02:24:55'),('2e46cba4-6396-4dff-8fd5-8f8f1f543db3',30.3,71,0,842,NULL,6.4,17.9,'Hà Nội','2026-03-02 15:08:38'),('2e49ec14-b849-4f2c-b4bb-ad82f9e5c983',23.5,95,0,0,NULL,6.1,9.7,'Hà Nội','2026-03-01 15:34:18'),('2e4a37e3-9764-49f3-aa9a-944142595fde',31.5,68,0,963,NULL,5.9,12,'Hà Nội','2026-03-02 15:11:02'),('2ecd1aa9-2a29-4dee-b76a-7c7ff5a72aeb',23.2,97,0,0,NULL,6.3,6,'Hà Nội','2026-03-02 02:52:16'),('2ecea541-3f52-4d4e-9216-1f62bca5fee9',32.3,64,0,694,NULL,6.2,7.8,'Hà Nội','2026-03-01 15:17:47'),('2ed4d119-48d0-40e1-bc31-5a3144372ed8',23.8,95,0,0,NULL,6.2,10.1,'Hà Nội','2026-03-01 15:00:31'),('2ee2ea94-30c8-4e19-abe1-874785e7df12',26.2,85,0,0,NULL,6.4,16.3,'Hà Nội','2026-03-02 15:13:30'),('2f0627e2-abbe-422e-91a5-efd43d5ab831',24.1,95,0,0,NULL,6,12.6,'Hà Nội','2026-03-01 15:17:47'),('2f065877-1ce9-4738-a1f7-39ea86bdec75',23.6,95,0,0,NULL,6.4,10.9,'Hà Nội','2026-03-02 02:52:16'),('2f1d16f5-3193-4f22-a3f9-1e856a8b118b',25.1,89,0,0,NULL,6.2,13.5,'Hà Nội','2026-03-01 15:34:18'),('2f1f5876-d2a2-43ca-84da-fc21b88bfd16',23.1,97,0,0,NULL,6.3,7.4,'Hà Nội','2026-03-01 14:10:55'),('2f2b6488-9f24-4b51-83ee-5211fa2e1f29',29.2,69,0,0,NULL,6.2,12.8,'Hà Nội','2026-03-02 15:22:16'),('2f71f6b6-e9ed-4ff6-835a-58a8c9262e0f',23,97,0,582,NULL,6.1,5.4,'Hà Nội','2026-03-02 16:09:33'),('2f7a6222-f69c-4b7d-b3ef-aa4b12dc400a',25.1,89,0,0,NULL,6.4,13.5,'Hà Nội','2026-03-01 15:17:47'),('2f7df110-99db-466a-9f0c-c02e9b32fc86',26.6,85,0,0,NULL,6,16.6,'Hà Nội','2026-03-01 14:06:01'),('2fe63e16-a7ff-4c7a-b98a-154d842682a9',30.6,67,0,936,NULL,6.2,6.3,'Hà Nội','2026-03-02 03:44:43'),('2fea3dee-5160-4996-b54c-3d0d4e97cd64',24.2,92,0,0,NULL,6.3,12.5,'Hà Nội','2026-03-02 09:28:55'),('2fed7e46-9154-4a22-8968-8d5b3f13dabb',23.5,95,0,0,NULL,6.4,9.7,'Hà Nội','2026-03-02 07:06:33'),('3003b641-6de0-46c8-bd55-d72c42d4e350',23.5,95,0,0,NULL,6,9.7,'Hà Nội','2026-03-02 02:13:49'),('300a3b2f-bceb-4c6d-ada8-ed93371adc18',27.6,80,0,418,NULL,6,3.6,'Hà Nội','2026-03-02 15:13:30'),('30139db1-7b05-4c44-b2f6-81ff00ad7601',26.6,85,0,0,NULL,6.3,16.6,'Hà Nội','2026-03-01 15:10:08'),('305a895c-1ea5-4fcd-838f-059137f9444f',23.3,97,0,576,NULL,6.2,5.7,'Hà Nội','2026-03-02 02:53:02'),('30634fa1-4b8b-42c2-9b7c-4a2089ad3cee',28,76,0,437,NULL,6.2,13.5,'Hà Nội','2026-03-01 14:10:55'),('306b54a7-23b0-4099-81a3-e6fd428d041d',24.3,94,0,651,NULL,6.1,5.7,'Hà Nội','2026-03-01 15:34:18'),('30a44aae-58e1-492b-a83d-e6fe04e7c146',32.2,66,0,452,NULL,6.1,10.3,'Hà Nội','2026-03-01 14:06:11'),('3115dadf-9017-4533-8002-54210ef44a4e',23.9,94,0,0,NULL,5.9,12.2,'Hà Nội','2026-03-02 09:28:55'),('313b47b8-7ec9-4628-bfb5-3b63c9d9f448',32.3,64,0,658,NULL,6.4,7.8,'Hà Nội','2026-03-02 15:08:37'),('314e11d5-dc81-4871-9521-86cf4a38f8e1',30.6,67,0,968,NULL,6.1,6.3,'Hà Nội','2026-03-01 15:00:31'),('315b3c8d-2ea2-486e-abb0-521c4383d1fd',23.2,97,0,0,NULL,6.1,6,'Hà Nội','2026-03-02 12:38:21'),('31d6ea39-5d56-4e84-bde8-ec194f26abd2',25.3,88,0,0,NULL,6.4,13.8,'Hà Nội','2026-03-02 16:09:33'),('32004fe4-7775-4c44-90c1-c7f2e6c96339',27.6,80,0,627,NULL,6.3,3.6,'Hà Nội','2026-03-01 15:00:31'),('332d2110-8de8-4c9c-8d62-8b1957f565dc',23.5,95,0,0,NULL,6,9.7,'Hà Nội','2026-03-01 15:17:47'),('33780b9c-e29e-4d6f-a77e-dae94e146ccc',23.3,96,0,0,NULL,6,7.9,'Hà Nội','2026-03-02 06:32:02'),('33b7594c-f33e-4676-b929-12246af1235b',25.6,89,0,0,NULL,6,15.5,'Hà Nội','2026-03-01 15:21:18'),('33c36b79-7fda-4453-8d59-3a6f6ef13de0',23.2,97,0,0,NULL,6.3,8.8,'Hà Nội','2026-03-01 15:34:18'),('34466b59-c5d2-41c0-b671-4a95557dde4f',23.2,97,0,0,NULL,6.2,6,'Hà Nội','2026-03-02 16:20:15'),('3466c429-9674-43ff-8654-48cc3e87d3c3',23.9,95,0,0,NULL,6.2,11.6,'Hà Nội','2026-03-02 03:44:43'),('347b6371-c8ee-441f-a5b7-2da3bffa2a43',28.3,76,0,0,NULL,6.2,12.8,'Hà Nội','2026-03-02 02:24:55'),('34bfac10-30f6-4124-a58f-349e5b4de712',27.4,81,0,0,NULL,6,13,'Hà Nội','2026-03-02 14:27:04'),('34c1617a-391c-403c-929c-f918fa27aacf',23.1,97,0,664,NULL,6.2,6.3,'Hà Nội','2026-03-02 09:28:55'),('34e5bd4a-7c07-425d-a6f0-9de6eb7b7661',23.5,95,0,0,NULL,6.4,9.7,'Hà Nội','2026-03-02 14:27:04'),('35110d25-6340-46b9-a698-cb4ee02fcedd',27.7,76,0,0,NULL,6.3,17.2,'Hà Nội','2026-03-01 15:34:18'),('351f9248-6e67-499a-ad9d-02f84aa3960e',24.9,90,0,0,NULL,6.1,12.3,'Hà Nội','2026-03-02 06:32:02'),('352884be-502e-4154-b61c-3d9102982c9a',32.3,64,0,406,NULL,6,7.8,'Hà Nội','2026-03-02 09:28:55'),('3529d24f-afe8-45de-ae85-7d5da0417c7b',23.2,97,0,0,NULL,5.9,8.8,'Hà Nội','2026-03-01 15:10:08'),('3540b1ad-a327-4f57-a106-e50b733470b8',23.5,95,0,0,NULL,6.1,9.7,'Hà Nội','2026-03-02 16:09:33'),('354cf1f9-66f9-4bd1-8429-503d003051d5',23.6,95,0,0,NULL,6.3,10.9,'Hà Nội','2026-03-02 15:03:26'),('3556b431-4d64-4574-ae8b-07b6fe456935',25.6,89,0,0,NULL,6,15.5,'Hà Nội','2026-03-01 15:17:59'),('355b579e-aa49-4fa3-8a5a-9be218505bb6',23.2,98,0,0,NULL,5.9,8.8,'Hà Nội','2026-03-01 15:34:18'),('358952a0-04a3-4330-abe9-22237c366885',30.3,71,0,934,NULL,6.5,17.9,'Hà Nội','2026-03-02 02:53:02'),('358c0bfc-9a2e-4e80-8f11-e97a602326d6',31.3,61,0,987,NULL,6.1,8.7,'Hà Nội','2026-03-02 15:08:38'),('359ecb00-d8c8-4485-95ad-ddf616ac77ca',23.1,97,0,0,NULL,6.2,4.7,'Hà Nội','2026-03-02 04:39:03'),('35c4acae-a043-4151-83cb-a589c9c28052',24.3,94,0,463,NULL,5.9,5.7,'Hà Nội','2026-03-02 12:38:10'),('35f7c868-fb4b-4e1f-b94e-85e77ab72bcb',27.8,76,0,566,NULL,6.3,3.8,'Hà Nội','2026-03-02 02:13:49'),('363dfc01-b9e3-4e68-acd5-9c8e0c1b0ae2',27.6,80,0,608,NULL,6.2,3.6,'Hà Nội','2026-03-01 15:17:59'),('365ba21c-26e7-47d6-9900-3d8f95b35725',23.9,95,0,0,NULL,6.1,11.6,'Hà Nội','2026-03-02 16:09:33'),('366eb8ba-f94d-4bbf-bbaf-307fed46e6b9',24.1,95,0,0,NULL,6,12.6,'Hà Nội','2026-03-01 15:17:59'),('36e32d51-b9f9-49b6-9245-94de8e34523b',28.6,73,0,0,NULL,5.9,13.7,'Hà Nội','2026-03-02 07:06:33'),('36e94278-5b14-438e-8986-3e6e5db4a8f8',27.5,80,0,0,NULL,6.5,17.4,'Hà Nội','2026-03-02 15:03:26'),('375be1c9-50e4-42d6-b20d-61c759e4a9de',24.8,91,0,0,NULL,6.2,11.8,'Hà Nội','2026-03-02 15:13:30'),('378f3910-c653-477c-a528-da0de4bc6c05',26.3,87,0,639,NULL,6.3,3.4,'Hà Nội','2026-03-02 03:44:43'),('37f36e36-d8ba-4357-98c4-8ff66af9dc27',23.9,95,0,504,NULL,6.3,10,'Hà Nội','2026-03-01 15:10:08'),('38096980-a4cb-42c1-bace-66962760d412',23.2,98,0,685,NULL,6.4,6.4,'Hà Nội','2026-03-01 14:05:55'),('3813d504-6808-445f-98e8-ea753ff17f14',23.3,97,0,0,NULL,6.4,9.4,'Hà Nội','2026-03-01 15:10:08'),('3869685a-c7a5-4f69-8d97-2a6659a09d2c',27.7,76,0,0,NULL,6.2,17.2,'Hà Nội','2026-03-01 15:17:59'),('3886062f-dd64-4202-9d2c-4d8227a5c102',24.7,91,0,0,NULL,6.3,12.3,'Hà Nội','2026-03-02 15:08:38'),('3897ae60-cdda-4018-974f-fc2b8644541d',31.5,68,0,933,NULL,6.2,12,'Hà Nội','2026-03-02 07:06:33'),('3901f193-c3cc-43c7-9244-6e6e1ab81185',24.2,92,0,0,NULL,6.1,12.5,'Hà Nội','2026-03-02 03:44:43'),('391711d7-f8bf-41e3-9afd-f9aa03c1f2bd',32.3,64,0,667,NULL,6.2,7.8,'Hà Nội','2026-03-02 15:13:30'),('392c419d-7276-4293-a8d4-48e184dd5e51',23.9,94,0,569,NULL,6.2,7.2,'Hà Nội','2026-03-02 02:53:02'),('399af2e6-e5d9-4c30-bfd0-809456327ebc',23.8,95,0,0,NULL,6.3,10.1,'Hà Nội','2026-03-02 12:38:07'),('399f7221-df85-4a46-970f-f0ba8f315d7d',27.7,78,0,504,NULL,6,4,'Hà Nội','2026-03-02 16:20:15'),('39a2b59e-50b7-48fd-a604-86623594ba63',23.1,97,0,0,NULL,6.3,7.4,'Hà Nội','2026-03-01 15:17:59'),('39b1ae4c-b65e-44fa-a0e5-1be5a3d25f21',32.3,64,0,623,NULL,6.2,7.8,'Hà Nội','2026-03-02 04:39:03'),('39fb98dc-db5a-4eb9-a890-6791a9f6b801',24.7,91,0,0,NULL,6.3,12.3,'Hà Nội','2026-03-02 15:11:02'),('3a47acd5-0f6e-4835-97f4-22f572827abd',25.3,89,0,0,NULL,6.2,13.1,'Hà Nội','2026-03-02 12:38:29'),('3a4f64db-51b6-46d0-a519-2ddd80f409e1',29.2,73,0,586,NULL,6.4,5.1,'Hà Nội','2026-03-02 06:32:02'),('3a6fd9ee-d216-4183-9527-3c2e3f8409e0',25.8,87,0,0,NULL,6,14.1,'Hà Nội','2026-03-02 09:28:55'),('3aaaaf7e-d418-45a8-a849-73af657fc05a',28.6,73,0,0,NULL,6,13.7,'Hà Nội','2026-03-02 06:32:02'),('3aedb0e6-a7cd-448f-b0cf-0776d32a38e2',23.9,94,0,0,NULL,6,12.2,'Hà Nội','2026-03-02 15:11:02'),('3b017b36-94cf-4967-8956-077d5a1e3da4',24.2,92,0,0,NULL,6.4,12.5,'Hà Nội','2026-03-02 04:39:03'),('3b0752b2-270a-4298-841d-170dc83f8c0a',23.4,96,0,464,NULL,6.1,4.3,'Hà Nội','2026-03-02 14:27:04'),('3b1ef1b0-7ae4-4b22-a1f3-411ab3813a91',24.3,94,0,554,NULL,6.4,5.7,'Hà Nội','2026-03-02 02:13:49'),('3b3c4eb2-376f-432f-b417-d47625244651',26.2,86,0,0,NULL,6,13.3,'Hà Nội','2026-03-02 14:27:04'),('3b44ed10-7b83-4f79-b35a-41fd087a9365',23.3,96,0,0,NULL,6.3,8,'Hà Nội','2026-03-02 06:32:02'),('3b958acf-b322-4774-ba43-2839ec02dd8b',24.2,92,0,0,NULL,6.1,11.7,'Hà Nội','2026-03-02 02:53:02'),('3bc2d3e3-3000-43e8-af10-ad5f7b08a90d',23.9,95,0,0,NULL,6.4,11.6,'Hà Nội','2026-03-02 15:22:16'),('3c23874b-4880-4ebe-85af-8a1b10b90402',23.1,97,0,0,NULL,6.3,4.7,'Hà Nội','2026-03-01 15:17:59'),('3c5e9c8d-acd7-4ee3-ba61-4d6103d42a66',23.4,95,0,0,NULL,6.4,11.2,'Hà Nội','2026-03-01 15:17:47'),('3ca24332-c157-4d5c-93b7-4fcc11496c6a',32.3,64,0,651,NULL,6.2,7.8,'Hà Nội','2026-03-02 03:44:43'),('3cbd8568-42c5-47c3-b1b8-acb1d1f9aa33',27.7,78,0,632,NULL,5.9,4,'Hà Nội','2026-03-02 15:22:16'),('3ce635a2-bd7e-4c33-a8bf-fbe621b01b31',24.7,91,0,0,NULL,5.9,12.3,'Hà Nội','2026-03-02 02:24:55'),('3ced143f-845b-4ca2-b05e-61823ff99e2b',23.2,97,0,0,NULL,6.5,8.8,'Hà Nội','2026-03-01 15:17:47'),('3d1832f0-3c15-4dec-8d63-4218a7d195de',23.4,96,0,458,NULL,6.3,4.3,'Hà Nội','2026-03-02 15:11:02'),('3d4c0fc8-4e59-41a3-8ec8-39fa185b4d8e',32.2,66,0,467,NULL,6.3,10.3,'Hà Nội','2026-03-02 12:38:14'),('3d9ba232-0127-4828-ab37-3f3e5999cb26',23.3,96,0,0,NULL,6.2,7.9,'Hà Nội','2026-03-02 07:06:33'),('3e668348-149a-461e-b93b-22aa6c107f2d',31.9,63,0,957,NULL,6.2,4.2,'Hà Nội','2026-03-01 14:10:55'),('3e6cc90f-4f4b-4009-b5b2-3312d04d2733',23.2,98,0,0,NULL,6.3,8.8,'Hà Nội','2026-03-01 14:05:54'),('3ebb599f-b053-4e36-bc9d-b3582cfd9434',29.2,73,0,642,NULL,6.2,5.1,'Hà Nội','2026-03-01 15:10:08'),('3f5f18a5-b603-4588-b701-a6a70c7642ca',23.1,97,0,0,NULL,6.4,4.7,'Hà Nội','2026-03-02 15:13:30'),('3f742f83-653c-4e39-abdf-8804ac23f375',23.9,95,0,0,NULL,6.3,11.6,'Hà Nội','2026-03-02 09:28:55'),('3fc506a3-5d89-4d73-a6b1-27baa55d6af3',24.1,95,0,0,NULL,6,12.6,'Hà Nội','2026-03-01 15:21:19'),('3fd71b20-6049-4d3c-a70e-4d70897d788c',23.2,98,0,0,NULL,6.5,8.8,'Hà Nội','2026-03-01 15:21:18'),('401b2084-afd8-4204-93ee-b7d27c37ed4b',23.3,96,0,0,NULL,6.4,8,'Hà Nội','2026-03-02 15:08:38'),('404a21b1-8143-41ef-b54f-9c1e37f792c3',29.2,73,0,516,NULL,6.3,5.1,'Hà Nội','2026-03-02 02:52:16'),('40541127-1154-441f-9be4-da2d529b066e',23.5,95,0,0,NULL,6,9.7,'Hà Nội','2026-03-01 14:06:05'),('40a7a026-bc5b-499f-99c0-de5813e65eff',30.3,71,0,903,NULL,5.9,17.9,'Hà Nội','2026-03-02 16:09:33'),('40bad1df-b2da-453e-a44d-ed6b797f6dbf',23.4,96,0,523,NULL,5.9,4.3,'Hà Nội','2026-03-02 15:22:16'),('411b8652-f735-4020-96f3-64aae3b070d7',23.9,94,0,0,NULL,5.9,12.2,'Hà Nội','2026-03-02 02:13:49'),('412ab3d6-46f6-4804-b170-5788580999f5',23.9,94,0,0,NULL,6.3,12.2,'Hà Nội','2026-03-02 16:20:15'),('412d8157-0d15-439d-9669-627b3beb9569',23.9,95,0,0,NULL,6.3,11.6,'Hà Nội','2026-03-02 02:13:49'),('412f4767-7dc7-47da-ade8-577fc305710b',23.1,97,0,0,NULL,6.3,7.4,'Hà Nội','2026-03-02 15:13:30'),('4131781c-1ef2-49fe-afce-0d9d6d7bd73a',31.9,63,0,900,NULL,5.9,4.2,'Hà Nội','2026-03-02 04:39:03'),('41332798-50cf-4da6-ae1e-7a41627b850c',25.3,88,0,0,NULL,6.4,13.8,'Hà Nội','2026-03-02 07:06:33'),('418bdc2e-f50e-4455-afff-cf0719027236',25.6,89,0,0,NULL,6,15.5,'Hà Nội','2026-03-01 15:17:47'),('419c760d-66cd-45c0-a0d7-b861c8356cfc',29.1,71,0,599,NULL,6.1,6,'Hà Nội','2026-03-02 15:03:26'),('41ee256f-157e-4744-8712-3057e3bbfbee',24,94,0,490,NULL,6.4,5.6,'Hà Nội','2026-03-02 07:06:33'),('41f8095d-dd3b-43fc-8808-23e8b494b42a',24.6,93,0,0,NULL,6.3,10.5,'Hà Nội','2026-03-01 15:10:08'),('42115e46-e499-4681-a985-a374ee036fcb',28.7,75,0,0,NULL,6.3,14,'Hà Nội','2026-03-02 06:32:02'),('421d9a5d-657e-4bc2-bc9f-0298f29d19e9',27.7,78,0,543,NULL,6.1,4,'Hà Nội','2026-03-02 12:38:24'),('42250d4f-c653-4f53-8394-94f61ff1299b',31.9,63,0,930,NULL,6.1,4.2,'Hà Nội','2026-03-02 15:11:02'),('42cc0469-0b8e-4e85-902c-4a556918c33e',23.4,96,0,0,NULL,6.2,10.4,'Hà Nội','2026-03-01 14:10:55'),('42e18409-94ad-44a8-9b06-71d544f11952',28.7,75,0,0,NULL,6.4,14,'Hà Nội','2026-03-02 02:24:55'),('42e523a4-4c30-4031-9e8e-9c01d2f52ab5',23.3,97,0,0,NULL,6.4,9.4,'Hà Nội','2026-03-01 15:00:31'),('42f13f1a-b562-4f12-94c4-2c29472c3775',26.2,85,0,0,NULL,5.9,16.3,'Hà Nội','2026-03-02 15:11:02'),('430208d8-4b7d-431a-9a74-53b5ffac5a56',25.3,89,0,502,NULL,6.4,2.2,'Hà Nội','2026-03-02 12:38:23'),('435e4445-f4d1-4d65-b0ac-293611e12d53',23.5,95,0,0,NULL,6,9.7,'Hà Nội','2026-03-01 15:21:19'),('438b8d83-72de-4d29-a0d9-b0bc8a8768c1',30.3,71,0,842,NULL,6.4,17.9,'Hà Nội','2026-03-02 15:03:26'),('43cae6ea-a35b-4a51-8898-25c5cb909665',25.6,89,0,0,NULL,6.5,15.5,'Hà Nội','2026-03-01 15:34:18'),('43ce5857-bf57-49ac-a903-364d2582b629',24.2,92,0,0,NULL,6.5,12.5,'Hà Nội','2026-03-02 15:13:30'),('44961a63-045d-401c-a24a-f3ea18c70940',23.1,97,0,0,NULL,6.3,7.4,'Hà Nội','2026-03-01 15:21:19'),('44e73f2d-dd7f-4101-a47f-21621795292e',25.3,89,0,603,NULL,6.2,2.2,'Hà Nội','2026-03-02 16:09:33'),('455174a1-329a-4163-bef0-d098dcfec237',30.4,65,0,842,NULL,6.4,6.9,'Hà Nội','2026-03-02 15:03:26'),('45852123-02d7-497b-a9fb-2a9de58778b5',29.2,69,0,0,NULL,6.2,12.8,'Hà Nội','2026-03-02 15:13:30'),('45ddef59-633a-4627-8e21-b9741561ad1a',23.4,98,0,434,NULL,6,4.3,'Hà Nội','2026-03-02 09:28:55'),('464e6f87-76fc-4940-a2c8-c3e3624c8081',23.2,97,0,0,NULL,6.5,8.8,'Hà Nội','2026-03-01 15:17:59'),('4657b392-b956-461f-8bd8-2a1fdd4c4d32',24.3,94,0,568,NULL,6.4,5.7,'Hà Nội','2026-03-02 06:32:02'),('4687d6db-eaf3-4b44-be90-61eefb57abde',24,94,0,588,NULL,6.1,5.6,'Hà Nội','2026-03-02 09:28:55'),('46a62ee3-6159-43f7-84c7-88523af3d1bb',29.2,73,0,584,NULL,6.3,5.1,'Hà Nội','2026-03-02 15:22:16'),('46ecf334-4675-4f00-b91f-f3b6c116b6b3',29.2,69,0,0,NULL,6.3,12.8,'Hà Nội','2026-03-02 16:20:15'),('46f28ee8-c338-4e12-9762-b0eb8df38403',23.4,95,0,0,NULL,6.4,11.2,'Hà Nội','2026-03-01 15:17:59'),('47031b1a-5fc3-4ffa-ad61-b17e8a4537d3',23.5,95,0,0,NULL,5.9,9.7,'Hà Nội','2026-03-02 06:32:02'),('470bfdf8-db8b-432f-b206-a295c1a6288c',23.8,95,0,0,NULL,6.1,10.1,'Hà Nội','2026-03-01 15:17:47'),('470f16f8-e27f-4b93-9a47-56ab61fc4894',23.8,95,0,0,NULL,6.3,10.1,'Hà Nội','2026-03-02 02:24:55'),('47462879-6cca-46e6-8eb8-e3a5ceb22e27',26.3,87,0,411,NULL,6,3.4,'Hà Nội','2026-03-01 15:34:18'),('47de0fc0-8855-49cb-9dd1-dc8d008e683d',23.4,95,0,0,NULL,6.3,11.2,'Hà Nội','2026-03-01 15:00:31'),('48033bcf-3d5b-4ec6-8c93-6e3866dff486',23.9,95,0,639,NULL,6.5,10,'Hà Nội','2026-03-01 15:17:59'),('48098a61-fb9f-4b79-82b9-46e7adba45cb',26.2,85,0,0,NULL,6.4,16.3,'Hà Nội','2026-03-02 15:22:16'),('48482215-f144-47af-bab0-651fe2452d9e',26.6,82,0,493,NULL,6.1,12.6,'Hà Nội','2026-03-01 15:00:31'),('4865466b-ed55-41be-a407-c8cf69fef61c',26.2,83,0,600,NULL,6,0.4,'Hà Nội','2026-03-02 15:08:38'),('486e0ab6-50a2-490b-adf3-ab20ddc2b20a',23.3,96,0,0,NULL,6.2,7.9,'Hà Nội','2026-03-01 14:06:05'),('489d82a9-785b-48b6-b3f7-6fdb5f85e1bf',23.1,97,0,0,NULL,6.2,4.7,'Hà Nội','2026-03-02 03:44:43'),('48b1104b-80b5-4881-8f8a-1f54fd16d504',25.3,88,0,0,NULL,6.1,13.8,'Hà Nội','2026-03-02 02:53:02'),('4902289a-2f73-4a50-96b4-70bb1cc12176',28.7,75,0,0,NULL,6.3,14,'Hà Nội','2026-03-02 16:09:33'),('490ac55b-6258-41e1-8ab9-8543d0921047',27.6,80,0,563,NULL,6,3.6,'Hà Nội','2026-03-02 12:38:11'),('490c9077-349b-4a29-8c0a-0f34bb4b1948',31.9,63,0,923,NULL,5.9,4.2,'Hà Nội','2026-03-02 12:38:13'),('494529c4-b819-45bd-96df-98c1e890ecca',31.3,59,0,979,NULL,6,12.1,'Hà Nội','2026-03-02 09:28:55'),('494863af-7a05-48fe-8c34-28c0b24537f6',31.9,63,0,800,NULL,5.9,4.2,'Hà Nội','2026-03-01 15:17:47'),('4a14263a-0115-40f8-89de-8fa073661a13',29.1,71,0,419,NULL,6,6,'Hà Nội','2026-03-02 16:20:15'),('4a202392-b790-4220-a3dc-68b118570635',29.1,71,0,668,NULL,6,6,'Hà Nội','2026-03-02 09:28:55'),('4a3f03f1-00c3-4345-b09f-45c0bfe75058',32.3,64,0,620,NULL,6.2,7.8,'Hà Nội','2026-03-01 15:34:18'),('4a69096c-4af2-442f-8f62-7416cd8c7cbb',25.6,89,0,0,NULL,6.2,15.5,'Hà Nội','2026-03-01 15:10:08'),('4aa8a097-7927-4f70-b012-d32c8f28ae2a',29.1,71,0,668,NULL,6.3,6,'Hà Nội','2026-03-02 14:27:04'),('4ad78932-6121-453f-9805-d8c71eb2022c',29.2,73,0,429,NULL,6.1,5.1,'Hà Nội','2026-03-02 02:24:55'),('4b533ee6-9411-4cc1-927e-e873c7980747',23.2,97,0,0,NULL,6.1,6,'Hà Nội','2026-03-02 15:22:16'),('4b7cce79-b85e-4aa1-b322-988294593ec3',24.8,91,0,0,NULL,6.4,11.8,'Hà Nội','2026-03-02 14:27:04'),('4bae7085-df69-430a-8328-22941a1470a3',24.2,92,0,0,NULL,6.3,12.5,'Hà Nội','2026-03-02 14:27:04'),('4bb5d46e-5314-4468-91c2-cd770db1170a',31.5,68,0,917,NULL,6,12,'Hà Nội','2026-03-02 06:32:02'),('4bc8b745-bbf4-450e-a3a5-0df042a0bced',23.9,95,0,0,NULL,6.2,11.6,'Hà Nội','2026-03-01 15:00:31'),('4bde05d9-3f72-4a3a-962e-a10013d3a3f4',27.7,76,0,0,NULL,5.9,17.2,'Hà Nội','2026-03-01 14:10:55'),('4c299222-3687-480f-be5f-5263f3b4bcdf',23.1,97,0,436,NULL,6.4,6.3,'Hà Nội','2026-03-02 02:52:16'),('4c3b7bbe-7fdf-4f37-8ebb-70e21d74ab62',23.2,97,0,0,NULL,6.4,7.7,'Hà Nội','2026-03-01 15:21:18'),('4c73f62d-a76e-49e6-bcd9-5c436d88ff16',23.1,97,0,639,NULL,6.1,6.3,'Hà Nội','2026-03-02 15:03:26'),('4ca89f68-e52b-47ab-910e-5389562bf42f',23,97,0,479,NULL,6.4,5.4,'Hà Nội','2026-03-02 14:27:04'),('4d434321-2c0f-4e3c-93eb-e0446ac4bfb1',32.2,66,0,525,NULL,6.3,10.3,'Hà Nội','2026-03-02 15:08:38'),('4d7e272b-d0a6-43e2-88ac-9c86fcc3460e',29.2,73,0,673,NULL,6.2,5.1,'Hà Nội','2026-03-02 12:38:12'),('4d955333-8658-4857-b0a8-262bf66e7321',31.9,63,0,890,NULL,6.2,4.2,'Hà Nội','2026-03-02 14:27:04'),('4e63a374-5309-42a4-aaaf-199fd5f91568',23.9,94,0,0,NULL,5.9,12.2,'Hà Nội','2026-03-02 02:24:55'),('4e80f8a8-f6e5-404c-a689-3388011bf86b',26.2,83,0,427,NULL,5.9,0.4,'Hà Nội','2026-03-02 06:32:02'),('4eaf4fb0-118f-40fd-bcbe-e4de51c25c42',23.2,98,0,681,NULL,6.4,6.4,'Hà Nội','2026-03-01 15:21:18'),('4f3c4996-c0a1-4b0a-8cab-b86a6ce3565e',23.5,95,0,0,NULL,6.4,9.7,'Hà Nội','2026-03-02 15:13:30'),('4f54eef8-45b5-4db6-82ec-809da67e8f86',23.3,96,0,0,NULL,6,7.9,'Hà Nội','2026-03-02 02:53:02'),('501c52c2-8ddf-4b3c-9e47-7f6dfbd3ead2',23.1,97,0,0,NULL,6.4,6.2,'Hà Nội','2026-03-02 15:13:30'),('51265e77-a2eb-42cc-9f30-2464b2b97fb2',23.1,97,0,436,NULL,6.4,6.3,'Hà Nội','2026-03-02 02:53:02'),('516eaf9f-5ed0-41ca-804b-304e1cd1a955',25.1,89,0,582,NULL,5.9,10.8,'Hà Nội','2026-03-01 15:21:18'),('51701a59-6bb8-4a67-bd1a-85ab92db9dba',29.2,73,0,674,NULL,6.3,5.1,'Hà Nội','2026-03-02 04:39:03'),('51a8e0fa-575e-489f-8a9f-ccc1e38b8da4',27.8,76,0,561,NULL,6,3.8,'Hà Nội','2026-03-02 02:53:02'),('51c2fbdf-ced9-4fa4-b3c9-d13af5315c30',23.8,95,0,0,NULL,6.5,10.1,'Hà Nội','2026-03-01 15:34:18'),('51c57859-eb45-4a9e-9008-eace5b8c3947',23.2,98,0,0,NULL,6.5,8.8,'Hà Nội','2026-03-01 15:17:59'),('51cef47e-34db-4bcf-9b78-6b1b427bd9d5',30.4,65,0,993,NULL,6.3,7.4,'Hà Nội','2026-03-02 07:06:33'),('51e24b0f-f219-4e2c-b3eb-82a3aa10fd07',29.1,71,0,409,NULL,6.2,6,'Hà Nội','2026-03-02 16:09:33'),('5209f5a9-4442-4a3d-a91a-ab5f008eae5a',23.1,97,0,0,NULL,6.3,7.4,'Hà Nội','2026-03-01 15:17:47'),('520e3e79-ce50-4684-93a1-d38d1a678e89',23.1,97,0,0,NULL,6.3,4.7,'Hà Nội','2026-03-01 15:17:47'),('522032ec-e1b5-48dc-a991-900e520d5b44',23.3,96,0,0,NULL,6,7.9,'Hà Nội','2026-03-02 04:39:03'),('525b5c21-c3e3-4d9d-8fa4-e0e6a46b03da',23.4,95,0,0,NULL,6.2,11.2,'Hà Nội','2026-03-01 14:10:55'),('5283f2d5-569f-4acc-9809-73a725baaaf8',31.2,61,0,997,NULL,6,9.1,'Hà Nội','2026-03-02 07:06:33'),('52c1d9ee-91c3-4901-b673-6f5fe1633935',30.9,60,0,640,NULL,6.3,15.6,'Hà Nội','2026-03-01 15:17:47'),('53142717-bf23-496d-85f8-7e2fcf3d9fe0',23.4,96,0,0,NULL,6,9.7,'Hà Nội','2026-03-02 15:22:16'),('53866d16-ad15-4195-8f9b-2c99050e56d1',23.1,97,0,0,NULL,6,7.4,'Hà Nội','2026-03-02 04:39:03'),('53c472a5-3e32-47a6-90cc-997009179fb6',23.9,95,0,636,NULL,6.3,10,'Hà Nội','2026-03-01 14:10:55'),('54108249-693f-42c6-a70a-cc0fda8bbf89',23.3,96,0,0,NULL,6.5,8,'Hà Nội','2026-03-02 15:13:30'),('54575fdd-1425-4e8e-87bd-38b258f8cb65',26.9,83,0,0,NULL,6.1,13.9,'Hà Nội','2026-03-02 09:28:55'),('5494d381-a5c3-43aa-b11f-7d2cfb90c9af',30.8,61,0,412,NULL,6.4,10.9,'Hà Nội','2026-03-02 15:22:16'),('54da54b7-4ad7-4650-9ce7-5fb216a8d660',30.3,71,0,842,NULL,6.4,17.9,'Hà Nội','2026-03-02 15:11:02'),('5547cae3-9e38-4b55-b5ee-106e185ac823',23.1,97,0,581,NULL,6.4,6.3,'Hà Nội','2026-03-02 14:27:04'),('554a58fe-8945-4524-81b5-6b53e1547746',31.3,60,0,857,NULL,6.5,9.3,'Hà Nội','2026-03-02 02:13:49'),('55c5190b-4252-42c8-b2df-f82c094ed90e',31.5,68,0,928,NULL,6.2,12,'Hà Nội','2026-03-02 02:24:55'),('55f8340c-e184-4502-83fb-411f6c792004',23,97,0,573,NULL,6.3,5.4,'Hà Nội','2026-03-01 15:21:19'),('5621e971-d031-4f47-a9a8-99b9d70fc1f9',23.2,97,0,493,NULL,6.3,6.6,'Hà Nội','2026-03-01 15:34:18'),('5671fe40-b8d5-431b-a6b8-26294c46205f',30.8,61,0,412,NULL,6.4,10.9,'Hà Nội','2026-03-02 15:13:30'),('56e44fd0-5345-4bb2-82bd-a2b37c1b3869',23.6,95,0,0,NULL,6.3,10.9,'Hà Nội','2026-03-02 15:11:02'),('57020caf-1b44-4286-97b2-42164be524df',32.2,66,0,537,NULL,6.3,10.3,'Hà Nội','2026-03-02 07:06:33'),('5746690d-5039-42e4-9fff-0ebf801a9590',23.1,97,0,0,NULL,6,4.7,'Hà Nội','2026-03-02 15:11:02'),('575cc279-8876-46a2-aff3-479944fcac8c',23.5,95,0,0,NULL,6,9.7,'Hà Nội','2026-03-02 15:03:26'),('5827293a-e6a4-49c2-9c16-7c18dbe7706c',26.6,82,0,626,NULL,5.9,12.6,'Hà Nội','2026-03-01 15:17:47'),('584f7c39-5564-4f02-9380-e86ae62fcd7f',23.1,97,0,0,NULL,6,4.7,'Hà Nội','2026-03-02 16:20:15'),('589a551d-fcc6-4156-bd9e-d84f42bf3431',26.2,87,0,0,NULL,6.1,12,'Hà Nội','2026-03-02 16:09:33'),('58a9208a-2f1c-4f6d-b7f8-14d5872e79b2',30.8,60,0,561,NULL,6.1,16.6,'Hà Nội','2026-03-01 14:10:55'),('58fbf82a-b8a9-4219-8eae-a8eb5e878060',28.3,76,0,0,NULL,6,12.8,'Hà Nội','2026-03-02 02:52:16'),('5933913b-1723-4d6d-8fbc-df6bfa2e1001',24.3,93,0,0,NULL,6.4,11.3,'Hà Nội','2026-03-02 15:22:16'),('599aac20-1b9c-46cc-a87f-9df342d2155b',24.2,92,0,0,NULL,5.9,11.3,'Hà Nội','2026-03-02 06:32:02'),('59b1fa13-709a-4ac7-93cf-be44a9a47cb8',24.9,92,0,0,NULL,6.2,11.4,'Hà Nội','2026-03-02 16:09:33'),('5a093ed0-27c4-4ab8-89fd-81fa96fc0cfd',27.5,80,0,0,NULL,6.2,17.4,'Hà Nội','2026-03-02 02:53:02'),('5a17480b-dd30-49c9-a44a-21b6dcac0e5d',31.5,68,0,983,NULL,6,12,'Hà Nội','2026-03-02 15:13:30'),('5affca96-89a0-4863-a969-a047845593f6',23.2,98,0,647,NULL,6.3,6.4,'Hà Nội','2026-03-01 15:00:31'),('5b62c53c-1702-4b82-bfe4-503799d94d6f',31.4,59,0,544,NULL,5.9,9.8,'Hà Nội','2026-03-02 15:22:16'),('5b7fead2-88e0-46c7-b2b5-b101b8b56e44',27.7,78,0,541,NULL,6.1,4,'Hà Nội','2026-03-02 15:08:38'),('5b86726c-5ee6-4040-b6b8-29a91c7493cc',23.9,95,0,0,NULL,6.2,11.6,'Hà Nội','2026-03-01 14:06:04'),('5bbaf2f3-27a3-47f0-90b6-ca43fd6fcc7f',23.8,95,0,0,NULL,6.4,10.1,'Hà Nội','2026-03-02 15:03:26'),('5bf38465-f36a-4b9b-b438-dccf552b5b63',23.8,95,0,0,NULL,6.4,10.1,'Hà Nội','2026-03-02 15:11:02'),('5c3938a5-81d1-4548-8760-1c9bd205986e',30.4,64,0,613,NULL,6.1,13.6,'Hà Nội','2026-03-01 15:17:59'),('5c4be35f-e0af-420c-90f3-1200ac20a3e1',23.6,95,0,0,NULL,6.1,10.9,'Hà Nội','2026-03-02 14:27:04'),('5c5ca9e8-f024-4618-9cf3-f0632af26bea',24,94,0,666,NULL,6.3,5.6,'Hà Nội','2026-03-02 15:03:26'),('5c9ab3db-c9ee-4d4a-a657-dfb203fa4660',23.3,96,0,0,NULL,6.1,7.9,'Hà Nội','2026-03-02 14:27:04'),('5c9c74ff-2174-44af-b767-e6ff247f18d5',30.6,67,0,917,NULL,6.4,6.3,'Hà Nội','2026-03-02 15:08:37'),('5ccc3238-e349-4f8b-a644-be1a15596e7e',30.3,71,0,984,NULL,6.3,17.9,'Hà Nội','2026-03-01 15:17:47'),('5cfeb3b2-febd-4c13-bd66-828421680150',23.1,97,0,0,NULL,6.3,4.7,'Hà Nội','2026-03-01 14:06:06'),('5d23047e-78eb-4084-9093-192bfff2b6c3',30.6,67,0,930,NULL,6.4,6.3,'Hà Nội','2026-03-02 06:32:02'),('5dcf42a1-2e47-4c1f-8ca8-5e159a087b3f',23.6,95,0,0,NULL,6.3,10.9,'Hà Nội','2026-03-02 02:24:55'),('5dd79335-c57e-4ba6-bcea-69fd7269cad1',23.3,96,0,0,NULL,6.4,8,'Hà Nội','2026-03-02 15:11:02'),('5e0853d9-8ebd-4698-9c30-1f0678f05237',25.5,87,0,0,NULL,6.3,15.1,'Hà Nội','2026-03-02 03:44:43'),('5e0d5123-2273-4ecb-aa58-12af2f4deef3',27.5,80,0,0,NULL,6.4,17.4,'Hà Nội','2026-03-02 15:22:16'),('5e254a6a-699f-4d86-89b6-c8fd73e822f4',23.1,97,0,0,NULL,6,7.4,'Hà Nội','2026-03-02 02:24:55'),('5e76eee9-641e-43bc-9e5e-b0b3dbbbc123',30.4,64,0,456,NULL,6,13.6,'Hà Nội','2026-03-01 15:00:31'),('5eae5943-f8b0-4f33-8053-39a11c5cd15a',25.3,89,0,0,NULL,6.4,13.1,'Hà Nội','2026-03-02 15:08:38'),('5f42ee86-70d1-44d8-8fe6-55b965e24ebb',26.3,87,0,454,NULL,6.4,3.4,'Hà Nội','2026-03-02 09:28:55'),('5f507c07-9937-4121-a017-9c0afa820d42',23,97,0,699,NULL,6.2,5.4,'Hà Nội','2026-03-02 15:03:26'),('5f5e4d30-b908-4b3e-8c74-930f69921bb7',29.2,73,0,601,NULL,5.9,5.1,'Hà Nội','2026-03-02 16:20:15'),('5f7239e7-80a7-450d-b81a-394b3a35ea5e',23,97,0,592,NULL,6.3,5.4,'Hà Nội','2026-03-02 02:53:02'),('5f7c109c-7014-4801-8a32-afa20c428e51',30.9,60,0,640,NULL,6.3,15.6,'Hà Nội','2026-03-01 15:17:59'),('5f93df2d-a61a-45e8-94da-99a8fc7ad8f6',30.4,64,0,613,NULL,6.1,13.6,'Hà Nội','2026-03-01 15:21:18'),('5fb3a069-79e5-454d-baf8-481a7aa1f57e',23.2,97,0,0,NULL,6.4,7.7,'Hà Nội','2026-03-01 15:17:59'),('5ff76b4a-3734-49e4-8b38-4444ee62fdcb',30.8,60,0,571,NULL,6.4,16.6,'Hà Nội','2026-03-01 15:21:18'),('6000414b-8c33-48a4-9199-dc7c3bcdf092',24.2,92,0,0,NULL,6.1,12.5,'Hà Nội','2026-03-02 12:38:18'),('603ed2f9-3772-4927-89b0-67d18dbeac57',28.7,75,0,0,NULL,6.4,14,'Hà Nội','2026-03-02 02:53:02'),('605987c3-827d-4298-8be9-403da864280b',30.6,67,0,990,NULL,6.3,6.3,'Hà Nội','2026-03-02 12:38:12'),('606f2536-c558-44e8-a728-d1f653595a8b',23.3,96,0,0,NULL,6.1,7.9,'Hà Nội','2026-03-01 15:00:31'),('60730635-8687-45c6-bbe0-4d3c44fa971e',32.2,66,0,483,NULL,6,10.3,'Hà Nội','2026-03-01 15:10:08'),('610045b8-c914-42dd-9851-42413cc4f1c6',32.2,66,0,678,NULL,6.1,10.3,'Hà Nội','2026-03-01 15:17:59'),('6108c114-428c-48c8-b387-97fc8c023800',27.6,80,0,477,NULL,6.3,3.6,'Hà Nội','2026-03-01 14:10:55'),('612006a1-d634-473b-91d3-eb0fc57c900f',24.5,91,0,0,NULL,5.9,13.2,'Hà Nội','2026-03-02 03:44:43'),('613198d1-7e8f-4028-9d92-c1b8c23b9579',28.7,75,0,0,NULL,6.5,14,'Hà Nội','2026-03-01 14:10:55'),('61a1f1ac-bf33-4e05-a2ab-dc8abf3f16da',23.4,98,0,419,NULL,6.2,4.3,'Hà Nội','2026-03-02 15:11:02'),('61b559f5-4489-4819-b54b-3e5db11d6889',23.8,95,0,0,NULL,6,10.1,'Hà Nội','2026-03-02 16:09:33'),('620cbfc6-ec61-412d-a141-4d1be5e3f1e4',23.4,98,0,658,NULL,6,4.3,'Hà Nội','2026-03-01 15:10:08'),('6227870b-f8c3-4f79-bba8-b0d89392ca33',23.5,95,0,0,NULL,5.9,9.7,'Hà Nội','2026-03-02 04:39:03'),('62319392-0a0f-4ded-a15c-793afd0d264d',27.7,81,0,0,NULL,6.3,14.8,'Hà Nội','2026-03-01 15:00:31'),('626aad29-9540-4006-a1e4-c2b7e863ef26',25.5,87,0,0,NULL,6,15.1,'Hà Nội','2026-03-02 02:52:16'),('62932bd3-0200-47f8-a1a6-889e6ae30dce',23.9,94,0,0,NULL,6,12.2,'Hà Nội','2026-03-02 07:06:33'),('629b464a-63ff-48dc-918a-0b0a077b8a6b',27.6,80,0,418,NULL,6,3.6,'Hà Nội','2026-03-02 15:22:16'),('62a85bcc-4893-48b8-9acc-fe57d66ce8af',24,94,0,411,NULL,6.3,5.6,'Hà Nội','2026-03-02 15:22:16'),('62b1b244-20ee-4a31-9ad5-5d8577c4b2c8',23.1,97,0,0,NULL,6.2,4.7,'Hà Nội','2026-03-01 15:34:18'),('62cff962-328c-4070-bf72-0a3da9cdcfea',23.1,97,0,0,NULL,6.2,7.4,'Hà Nội','2026-03-01 15:10:08'),('62d28003-e424-4348-9088-593949f2a56b',23.3,96,0,0,NULL,6.5,7.9,'Hà Nội','2026-03-01 14:10:55'),('62f1d440-f1f8-4e5f-aa6a-f47a83a9707a',31.6,58,0,840,NULL,6.3,11.7,'Hà Nội','2026-03-02 03:44:43'),('62fa772e-d4fc-400a-9f67-5c5e45677c67',23.6,95,0,0,NULL,6.1,10.9,'Hà Nội','2026-03-02 09:28:55'),('6342fa7c-5a24-462e-9e6e-f0d1cbaf99b5',23.2,97,0,671,NULL,6.1,6.6,'Hà Nội','2026-03-01 14:10:55'),('63f7b71e-1342-439d-9655-0e458fa94d68',27.5,80,0,0,NULL,6.4,17.4,'Hà Nội','2026-03-02 04:39:03'),('641236fd-90f7-4120-b7d1-08cb7b01f38a',23.6,95,0,0,NULL,6,10.9,'Hà Nội','2026-03-02 07:06:33'),('6447d3e0-f383-4cec-80b5-495cf4bb9e50',31.3,59,0,894,NULL,5.9,12.1,'Hà Nội','2026-03-02 07:06:33'),('64ad7bc1-f7f2-40f8-82be-eab342b7bedf',23.4,96,0,0,NULL,6,9.7,'Hà Nội','2026-03-02 02:24:55'),('64b5b7d6-61bd-407f-96d2-1e7c88759e7c',26.2,86,0,0,NULL,6.3,13.3,'Hà Nội','2026-03-02 15:22:16'),('64e45146-ec52-4613-8023-a6500956925b',28.7,75,0,0,NULL,6.1,14,'Hà Nội','2026-03-02 15:08:38'),('64fa115d-391d-4a26-94d0-fcfa5196ebc4',24.6,93,0,0,NULL,5.9,10.5,'Hà Nội','2026-03-01 14:10:55'),('65057fa6-487c-4657-b4c1-d206d61f4a7e',27.7,76,0,0,NULL,6.2,17.2,'Hà Nội','2026-03-01 15:21:18'),('6505a3f2-c9d0-41ba-8fba-813a49ed437f',23.2,97,0,503,NULL,6.3,6.6,'Hà Nội','2026-03-01 15:10:08'),('651e3954-2e73-4e3f-ad82-7739f7be6107',30.3,71,0,935,NULL,6,17.9,'Hà Nội','2026-03-02 04:39:03'),('652f7866-81d9-416d-8554-0925bf1f9fb0',23.3,96,0,0,NULL,6.3,8,'Hà Nội','2026-03-02 02:13:49'),('6544dc8d-6104-40b9-b5a6-db26d39f92e2',23.9,94,0,0,NULL,5.9,12.2,'Hà Nội','2026-03-02 15:22:16'),('65d468c4-6e31-43f8-8921-8bdbebd4d65e',23.3,96,0,0,NULL,6,7.9,'Hà Nội','2026-03-01 15:34:18'),('65db2aa7-44a9-4294-866f-f2477de85d2c',26.6,82,0,649,NULL,6.2,12.6,'Hà Nội','2026-03-01 14:05:57'),('663302bc-f132-4288-89a9-e39787deaa4d',31.9,63,0,840,NULL,6,4.2,'Hà Nội','2026-03-01 15:10:08'),('66acd067-dac4-4bb3-84cb-38c84e0857e6',31.9,63,0,923,NULL,6.2,4.2,'Hà Nội','2026-03-02 09:28:55'),('66ae7997-3017-4030-b2c0-edbd0f718dc6',23.1,97,0,0,NULL,6.2,7.4,'Hà Nội','2026-03-01 15:00:31'),('67b46c14-02d5-4d46-9206-31218eec7740',23.2,97,0,0,NULL,6.5,6,'Hà Nội','2026-03-02 07:06:33'),('67bb7bad-900c-4529-934a-dc0bfe8db8f6',23.5,95,0,0,NULL,6,9.7,'Hà Nội','2026-03-02 15:08:37'),('67dfadc6-179b-4bfd-94e0-857f2917c11e',23.1,97,0,0,NULL,6.4,6.2,'Hà Nội','2026-03-02 16:09:33'),('67f6df3e-ebf5-4273-a0f9-d169a798261f',23.1,97,0,0,NULL,6.4,6.2,'Hà Nội','2026-03-02 15:22:16'),('6800ca4d-f54b-4813-881c-50c6ce0869f0',30.3,71,0,984,NULL,6.3,17.9,'Hà Nội','2026-03-01 15:17:59'),('6831039d-ba06-4129-9ab6-f93afe0f4ac7',27.6,80,0,608,NULL,6.2,3.6,'Hà Nội','2026-03-01 15:21:19'),('683d3fa1-242d-4344-9f67-4eb5dd1565d4',30.6,67,0,874,NULL,6.3,6.3,'Hà Nội','2026-03-02 15:13:30'),('6870e0d1-4741-43ac-be1e-b9117c8f9a2a',23.4,96,0,0,NULL,6.2,9.7,'Hà Nội','2026-03-02 12:38:20'),('68fff14c-495c-43bc-80e3-baf6017bc7a2',31.5,68,0,866,NULL,6.3,12,'Hà Nội','2026-03-01 15:17:59'),('69131102-ff37-4577-ba59-b01341a4b409',31.2,61,0,566,NULL,5.9,14.7,'Hà Nội','2026-03-01 15:00:31'),('69f3d90e-57f3-43d2-b25b-f9c85a309a54',28.7,75,0,0,NULL,6.5,14,'Hà Nội','2026-03-01 14:06:12'),('6a0c3313-073f-4a9b-8145-95958f75489c',23,97,0,699,NULL,6.2,5.4,'Hà Nội','2026-03-02 15:11:02'),('6a4914a1-5c75-476c-9664-34ba9e7a123f',29.4,70,0,926,NULL,6.2,6.8,'Hà Nội','2026-03-02 03:44:43'),('6ac7ceb8-4cb1-44f5-8351-ac1d2b967ea9',31.5,68,0,983,NULL,6,12,'Hà Nội','2026-03-02 15:22:16'),('6bb34f2d-4d79-4f77-b85d-52f2837311c0',30.6,67,0,917,NULL,6.4,6.3,'Hà Nội','2026-03-02 15:03:26'),('6bbd319b-8884-4960-a12f-c7f7b043bc08',31.6,58,0,884,NULL,5.9,11.7,'Hà Nội','2026-03-02 02:52:16'),('6c0c9100-d598-405a-a1cd-5094b5cf4f26',23.1,97,0,0,NULL,5.9,7.4,'Hà Nội','2026-03-02 02:53:02'),('6c2ba9d3-f465-4818-bc9a-2218bdcf4c80',27.7,78,0,647,NULL,5.9,4,'Hà Nội','2026-03-02 09:28:55'),('6c5d2c52-2bbb-4f04-b0ba-8b26d23e250f',24.3,93,0,0,NULL,6.2,11.3,'Hà Nội','2026-03-02 15:08:38'),('6c6de100-7dba-4d8a-aeea-ea6a9c9e6aee',26.3,87,0,687,NULL,6.4,3.4,'Hà Nội','2026-03-02 16:20:15'),('6d242d05-b00d-4fb5-8a8d-2294edb49839',25.3,88,0,0,NULL,6.4,13.8,'Hà Nội','2026-03-02 02:13:49'),('6d278774-2d07-4405-aeaa-18c39cf51673',28,76,0,521,NULL,6.1,13.5,'Hà Nội','2026-03-01 14:05:57'),('6d6b370e-3403-40c4-8ff6-567dae379ace',27.6,80,0,658,NULL,5.9,3.6,'Hà Nội','2026-03-02 03:44:43'),('6dbbac8f-96da-419f-9691-6fec6870bd73',23.1,97,0,0,NULL,6.5,6.2,'Hà Nội','2026-03-02 02:52:16'),('6dc940de-68c2-4fdc-8d07-f720623e9023',27.7,76,0,0,NULL,6,17.2,'Hà Nội','2026-03-01 15:00:31'),('6e2f7049-dd07-4dc4-be43-693aab63e1a8',26.2,85,0,0,NULL,6.2,16.3,'Hà Nội','2026-03-02 02:53:02'),('6e84ab1d-1e4f-44ca-a8ab-0515eaa70ba3',23.1,97,0,0,NULL,6.4,4.7,'Hà Nội','2026-03-02 06:32:02'),('6eb78c5f-366d-48c2-a08e-9b7696b43764',30.6,67,0,815,NULL,6.3,6.3,'Hà Nội','2026-03-02 14:27:04'),('6ec67d22-1cd3-4bbc-a933-a041f4d225bb',32.2,66,0,678,NULL,6,10.3,'Hà Nội','2026-03-02 16:20:15'),('6f281233-82ac-45c9-aeed-e275a9c9f98d',25.3,89,0,588,NULL,6.5,2.2,'Hà Nội','2026-03-02 09:28:55'),('6fbf0632-0fa0-4b96-8462-f5c3a7ddc734',25.3,88,0,614,NULL,6.5,3.7,'Hà Nội','2026-03-02 02:13:49'),('70238858-5c61-48b4-b631-9eaf3045b10f',30.6,67,0,989,NULL,6.1,6.3,'Hà Nội','2026-03-01 14:06:09'),('70259d71-a7dc-4e89-b033-0493cf15e5de',23.4,96,0,458,NULL,6.3,4.3,'Hà Nội','2026-03-02 15:03:26'),('70974ff9-d7b1-4979-b005-97122bb63eda',30.6,67,0,838,NULL,6.5,6.3,'Hà Nội','2026-03-01 15:17:59'),('70b7030c-d93c-490e-903b-308aae25b142',26.2,83,0,569,NULL,6.4,0.4,'Hà Nội','2026-03-02 15:13:30'),('70f202c7-d21c-477c-8fe0-0d149331f89b',23.5,95,0,0,NULL,6.4,9.7,'Hà Nội','2026-03-02 15:22:16'),('710ea777-7334-44c7-9ba9-69ebc9953259',25.1,89,0,0,NULL,6.4,13.5,'Hà Nội','2026-03-01 15:10:08'),('7113c8de-d7ed-4fa1-a42b-5aa46d6c890b',27.4,81,0,0,NULL,6.1,13,'Hà Nội','2026-03-02 15:03:26'),('712a904a-1fc7-458a-a6e2-31451860cbdf',31.3,59,0,993,NULL,6.5,12.1,'Hà Nội','2026-03-02 06:32:02'),('717e0f9c-1f56-43a1-bf57-1379e946c57e',27.5,80,0,0,NULL,6.3,17.4,'Hà Nội','2026-03-02 12:38:16'),('722c587f-9c8d-4c36-9731-237f00ea12a4',28.6,73,0,0,NULL,6.4,13.7,'Hà Nội','2026-03-02 09:28:55'),('7346a4f2-ed68-466f-a3a1-f13b27572637',29.2,73,0,417,NULL,6.3,5.1,'Hà Nội','2026-03-01 14:06:09'),('736985a7-a873-4989-84c2-01b60df8066b',23.9,94,0,0,NULL,5.9,12.2,'Hà Nội','2026-03-02 12:38:18'),('736d3d08-3f29-4a33-98fc-9e8c8c597b9d',23.1,97,0,0,NULL,6.1,4.7,'Hà Nội','2026-03-02 12:38:09'),('74e8afd8-1d8d-4a04-af41-be3d8b1b365e',23.4,98,0,642,NULL,6.3,4.3,'Hà Nội','2026-03-02 02:24:55'),('755d30e3-3880-4bb4-85b7-6376bfdbda97',30.9,60,0,608,NULL,6.2,15.6,'Hà Nội','2026-03-01 15:10:08'),('758e2091-4653-45ab-a38f-0ad1569948c1',31.5,68,0,829,NULL,6.2,12,'Hà Nội','2026-03-01 14:06:11'),('75bf439a-80a7-44a5-9a2a-e3025de76dda',31.9,63,0,829,NULL,6.2,4.2,'Hà Nội','2026-03-02 03:44:43'),('75d51b87-d69d-46c6-a1a7-6815871a199c',24.6,93,0,0,NULL,6.2,10.5,'Hà Nội','2026-03-01 14:06:03'),('75e950c2-210e-428c-b3e6-49b73f133292',24.3,94,0,623,NULL,6.2,5.7,'Hà Nội','2026-03-01 15:21:19'),('75ed2085-2b6b-44c9-8eb6-d1e6ab3c4663',28.7,75,0,0,NULL,6.4,14,'Hà Nội','2026-03-02 02:52:16'),('75efdafe-773b-463c-bbfa-6641dd406f2d',29.2,73,0,486,NULL,5.9,5.1,'Hà Nội','2026-03-01 15:17:47'),('75f39c32-22e2-49c1-bc2f-119200645318',27.6,80,0,451,NULL,6.3,3.6,'Hà Nội','2026-03-02 15:08:37'),('7638d818-4340-4a85-a707-da673d7f7e8f',23.4,96,0,498,NULL,6.1,4.3,'Hà Nội','2026-03-02 09:28:55'),('76b8ed2a-821e-4723-8750-124b0e365483',23.6,95,0,0,NULL,6,10.9,'Hà Nội','2026-03-02 04:39:03'),('76d23383-100f-4b43-b3bb-ffd22d4082a5',23.8,95,0,0,NULL,6.2,10.1,'Hà Nội','2026-03-02 15:22:16'),('76dfc131-ef6e-4fc6-b864-4e0ac05b3a85',24.8,89,0,0,NULL,6.5,14.3,'Hà Nội','2026-03-02 03:44:43'),('7718520b-cb50-47e0-be36-017e86b7141b',23.9,95,0,0,NULL,5.9,11.6,'Hà Nội','2026-03-01 15:21:19'),('7762137d-fc88-4c5b-b7ed-668d160a423c',30.3,71,0,901,NULL,6,17.9,'Hà Nội','2026-03-02 12:38:15'),('777ed066-fd03-4e70-8bef-a1d843e4dd9a',23.5,95,0,0,NULL,6,9.7,'Hà Nội','2026-03-02 02:24:55'),('780424c7-de44-4c65-a0bd-8a06a6ec7109',23.4,98,0,462,NULL,6.2,4.3,'Hà Nội','2026-03-02 04:39:03'),('7860220d-f7be-4ffe-bb32-383248b0ef44',23.5,95,0,0,NULL,6,9.7,'Hà Nội','2026-03-01 15:00:31'),('79181c20-6b26-4693-8976-af86eec5d96c',25.1,89,0,0,NULL,6.4,13.5,'Hà Nội','2026-03-01 15:21:19'),('7920e24b-4e11-4c9c-92e6-be11f8d13b9c',23.1,97,0,0,NULL,6.4,4.7,'Hà Nội','2026-03-02 16:09:33'),('7987a71c-5fdf-4fae-8060-88ddc43fc5cb',23.5,95,0,0,NULL,6,9.7,'Hà Nội','2026-03-02 15:11:02'),('79d09387-f7ef-4f8b-91e1-3d68309eb824',31.9,63,0,840,NULL,6,4.2,'Hà Nội','2026-03-01 15:00:31'),('79db4879-fffb-438d-bfd1-3fa7c3dd77d0',23.1,97,0,0,NULL,6.3,4.7,'Hà Nội','2026-03-02 14:27:04'),('79e05e77-b298-4977-b4d0-000403f59e33',23.3,96,0,0,NULL,6.1,7.9,'Hà Nội','2026-03-01 15:10:08'),('7a232fa8-38e1-497a-a371-19e2526effd8',30.4,64,0,464,NULL,6.5,13.6,'Hà Nội','2026-03-01 14:10:55'),('7a55c36c-1778-4887-97fd-a1375090d7c6',23.1,97,0,0,NULL,5.9,4.7,'Hà Nội','2026-03-02 09:28:55'),('7ac52934-47b3-4d26-a76b-e478fa5808f1',26.3,87,0,597,NULL,6,3.4,'Hà Nội','2026-03-02 02:24:55'),('7b06342b-4eeb-4a3a-9fdb-fdeccf44a5aa',23.9,95,0,0,NULL,6,11.6,'Hà Nội','2026-03-02 04:39:03'),('7b4cc3f9-a5df-4e98-8844-e1ffec985bd4',26.2,86,0,0,NULL,6.2,13.3,'Hà Nội','2026-03-02 15:11:02'),('7b8352b7-9c8f-4563-94ee-64235a807c40',30.6,67,0,968,NULL,6.1,6.3,'Hà Nội','2026-03-01 15:10:08'),('7baa7495-2684-4910-ab84-8aa96633bfd3',32.2,66,0,585,NULL,6.2,10.3,'Hà Nội','2026-03-02 02:52:16'),('7bc05a7a-eeb2-430f-9ff2-d57a41cacfbe',25.3,88,0,0,NULL,6,13.8,'Hà Nội','2026-03-02 04:39:03'),('7bf8b7ca-0aad-4545-a30e-57549ea47a95',23.4,96,0,0,NULL,6.5,10.4,'Hà Nội','2026-03-01 15:00:31'),('7bfb859a-0439-499e-90e8-9570e65ff23f',23.4,96,0,0,NULL,6.2,10.4,'Hà Nội','2026-03-01 15:34:18'),('7c01599d-e31c-4b85-9797-a96b74a0cf2b',31.2,61,0,860,NULL,6.2,9.1,'Hà Nội','2026-03-02 09:28:55'),('7c357fe7-5af3-4558-a071-d178f766d86d',31.4,59,0,674,NULL,6.3,9.8,'Hà Nội','2026-03-02 15:03:26'),('7c6b5a21-55c1-4329-9044-66c2dc6f0666',31.3,60,0,483,NULL,6.3,13.7,'Hà Nội','2026-03-02 03:44:43'),('7c758b6f-83b0-40a6-aa4d-cd2b791989b9',23.4,96,0,0,NULL,6.1,9.7,'Hà Nội','2026-03-02 16:20:15'),('7ca0baeb-5ebd-4860-8d8e-48dba0728c08',26.6,85,0,0,NULL,6,16.6,'Hà Nội','2026-03-01 15:21:18'),('7cc19acc-d25f-404c-beea-c2303e2ff5ef',25.3,88,0,0,NULL,6.1,13.8,'Hà Nội','2026-03-02 06:32:02'),('7d08de42-5f12-4257-b4ed-6b6550ea4b01',23.4,96,0,535,NULL,6.3,4.3,'Hà Nội','2026-03-02 16:09:33'),('7d2dfad4-aef3-4899-a6d0-cb6814a5f425',27.7,78,0,432,NULL,6.2,4,'Hà Nội','2026-03-02 16:09:33'),('7d3723a9-487b-4958-a9b7-8d5d960295cd',26.2,83,0,569,NULL,6.4,0.4,'Hà Nội','2026-03-02 15:22:16'),('7d852920-662e-4910-8da7-dfcf73633bd8',24.3,94,0,569,NULL,5.9,5.7,'Hà Nội','2026-03-01 14:10:55'),('7dab465c-6a31-4981-8e5c-72c0aab3ce0f',23.1,97,0,0,NULL,6.3,7.4,'Hà Nội','2026-03-02 15:22:16'),('7e1e51ea-9fc3-485d-b390-d2f1614d3996',27.4,81,0,0,NULL,6.2,13,'Hà Nội','2026-03-02 12:38:28'),('7e3263ab-6e88-4f80-a654-d15bb4c28c01',31.9,63,0,897,NULL,6.1,4.2,'Hà Nội','2026-03-02 02:52:16'),('7ee7748a-f95c-43f7-a07c-16b21e4d4c79',32.3,64,0,447,NULL,6.3,7.8,'Hà Nội','2026-03-02 06:32:02'),('7f108f0d-b607-4abf-a2cc-ddfdb01569c2',24.9,90,0,0,NULL,6.3,12.3,'Hà Nội','2026-03-02 04:39:04'),('7f9e52e7-458e-451b-8efc-f2ea563044e1',24,94,0,519,NULL,6.2,5.6,'Hà Nội','2026-03-02 06:32:02'),('7fd53ae1-55bf-43fc-9f45-6319e9df97b4',30.6,67,0,986,NULL,5.9,6.3,'Hà Nội','2026-03-02 07:06:33'),('7fe39bdc-9b7b-4291-ac1c-65e0791e7088',23.4,98,0,472,NULL,6.1,4.3,'Hà Nội','2026-03-02 02:52:16'),('81149a17-48af-4f6d-9854-4d2f21084dae',27.6,80,0,643,NULL,6,3.6,'Hà Nội','2026-03-02 04:39:03'),('818e836c-5667-4bce-b4ce-4b8567ffc17a',23.1,97,0,0,NULL,6.5,6.2,'Hà Nội','2026-03-02 02:53:02'),('81ec53a5-e043-4db7-b455-f2f5647b8268',30.3,71,0,947,NULL,5.9,17.9,'Hà Nội','2026-03-01 14:06:12'),('8223fa2e-dd12-4e27-bdf5-dd8dcb4ef3cd',27.4,81,0,0,NULL,6.1,13,'Hà Nội','2026-03-02 15:13:30'),('8244973a-8a95-4483-949a-a9804e7bfbfd',29.9,66,0,567,NULL,6,14,'Hà Nội','2026-03-02 02:13:49'),('8254a78f-e9f2-42c3-9376-f130dc175e01',26.3,87,0,600,NULL,6.3,3.4,'Hà Nội','2026-03-01 14:10:55'),('82749fd9-e9ac-459b-96aa-1e9eac65ed8f',29.2,73,0,584,NULL,6.3,5.1,'Hà Nội','2026-03-02 15:13:30'),('82b08e72-0de2-4d17-8556-c064261cde01',23.1,97,0,0,NULL,5.9,6.2,'Hà Nội','2026-03-02 07:06:33'),('82c8d690-7f6b-4e9a-98d5-92b46bb0395d',27.7,76,0,0,NULL,6.2,17.2,'Hà Nội','2026-03-01 15:17:47'),('82cb1e94-e12d-4d66-b9ae-b1ef2a9e14a7',27.4,81,0,0,NULL,6.1,13,'Hà Nội','2026-03-02 15:22:16'),('82dae57d-c78a-4307-8d30-a9f3aa6d04ac',23.2,97,0,0,NULL,6.5,8.8,'Hà Nội','2026-03-01 15:21:18'),('8313f6c8-6fba-4b99-af51-2d4a67fda649',32.2,66,0,587,NULL,6.5,10.3,'Hà Nội','2026-03-01 14:10:55'),('834e45fc-99d0-4158-98b7-f263be3b8608',30.6,67,0,941,NULL,5.9,6.3,'Hà Nội','2026-03-02 02:24:55'),('83a78f85-5829-4e49-bfc0-5a81f5d36c33',25.1,89,0,0,NULL,6.4,13.5,'Hà Nội','2026-03-01 15:00:31'),('83dea3d7-a38c-4473-8e2f-c86c818221ab',27.5,80,0,0,NULL,6.5,17.4,'Hà Nội','2026-03-02 15:08:38'),('840d7ab9-3b33-42a4-8e7b-48a13d3fdf32',29.2,69,0,0,NULL,6.4,12.8,'Hà Nội','2026-03-02 14:27:04'),('847f2dd5-5413-44f6-9a4f-a306ebebd49d',32.3,64,0,667,NULL,6.2,7.8,'Hà Nội','2026-03-02 15:22:16'),('84b822a9-6b3b-40a1-8928-044a3584c981',24.3,93,0,0,NULL,6.2,11.3,'Hà Nội','2026-03-02 15:03:26'),('84e93fdd-0427-4ea5-8f5e-fba79c11cd46',23.2,97,0,0,NULL,6.4,6,'Hà Nội','2026-03-02 15:08:38'),('84f9af24-8d4c-4092-b978-3b2631997c0d',23.2,97,0,0,NULL,6.2,6,'Hà Nội','2026-03-02 03:44:43'),('850e0a18-a7dc-43de-b472-376fa9c9f257',31.9,63,0,888,NULL,6.3,4.2,'Hà Nội','2026-03-02 16:20:15'),('85639184-4d54-4a30-9863-8c87788d8b10',24.3,94,0,583,NULL,6,5.7,'Hà Nội','2026-03-02 14:27:04'),('85a48f46-e523-4352-9eab-034b2d7d318a',31.4,59,0,674,NULL,6.3,9.8,'Hà Nội','2026-03-02 15:08:38'),('85dfb6c1-f487-440c-977b-9b7430342fbd',23.3,96,0,0,NULL,6.3,8,'Hà Nội','2026-03-02 02:24:55'),('866c001a-fef8-4331-94c6-1599c7c589f8',26.2,83,0,587,NULL,6.5,0.4,'Hà Nội','2026-03-02 07:06:33'),('8696a854-ae82-4f7c-8402-0dad1ec6a16a',26.2,85,0,0,NULL,5.9,16.3,'Hà Nội','2026-03-02 15:03:26'),('86def677-e368-4d58-b35c-3882b6d50cab',23.4,98,0,642,NULL,6.3,4.3,'Hà Nội','2026-03-02 02:13:49'),('870329c7-6829-4405-a31d-efbe9d9793ce',30.6,67,0,838,NULL,6.5,6.3,'Hà Nội','2026-03-01 15:21:19'),('8775d3ad-7ac5-4835-b3e5-997d96b5086d',32.3,64,0,601,NULL,6.4,7.8,'Hà Nội','2026-03-01 15:10:08'),('87a3040d-4db8-41de-89d0-3df7344f3f98',23.8,95,0,0,NULL,6,10.1,'Hà Nội','2026-03-02 07:06:33'),('87f47d17-0c14-4071-9a8e-f0353db15eed',23.1,97,0,0,NULL,6.4,4.7,'Hà Nội','2026-03-02 15:22:16'),('880c13ba-d5d2-45a5-8b5c-6a971375185d',23.1,97,0,0,NULL,6.5,7.4,'Hà Nội','2026-03-02 15:08:37'),('88530f1e-c651-46f0-9037-237762750c1e',25.4,90,0,0,NULL,6.5,13.2,'Hà Nội','2026-03-02 16:20:15'),('885c0883-e803-494d-9abc-e2b94f99a703',25.1,89,0,0,NULL,6.5,13.5,'Hà Nội','2026-03-01 14:10:55'),('885c54b4-3806-4d41-bd4f-b007466a2a5e',29.1,71,0,551,NULL,6.5,6,'Hà Nội','2026-03-02 12:38:25'),('888a1e16-90fa-4b28-8f04-902be8507554',26.6,83,0,0,NULL,6.1,15.7,'Hà Nội','2026-03-02 03:44:43'),('889799df-6df6-41a2-b3f3-35171533c65a',30.6,67,0,969,NULL,6.1,6.3,'Hà Nội','2026-03-01 15:34:18'),('88d66320-b581-49ee-81b3-e4c6541e7f27',23.9,94,0,0,NULL,6,12.2,'Hà Nội','2026-03-02 15:08:38'),('897186c5-da0d-4a9e-bd9a-084a9f5a924a',23.4,98,0,411,NULL,6.1,4.3,'Hà Nội','2026-03-02 06:32:02'),('89a68057-0da2-4e7d-8ac7-884af86a5b10',25.3,88,0,614,NULL,6.5,3.7,'Hà Nội','2026-03-02 02:24:55'),('89ad748c-63db-4243-903a-2ee5444a5c53',24.9,92,0,0,NULL,6.2,11.4,'Hà Nội','2026-03-02 16:20:15'),('89c26b26-36ac-414d-9e9f-2a34257e6b15',23.9,94,0,569,NULL,6.2,7.2,'Hà Nội','2026-03-02 02:52:16'),('8a0644be-6c3b-40bb-8ff1-b344d008be02',26.2,85,0,0,NULL,6.4,16.3,'Hà Nội','2026-03-02 12:38:16'),('8a49a200-6df9-4c91-9dad-2ae64c74efea',31.9,63,0,935,NULL,5.9,4.2,'Hà Nội','2026-03-02 06:32:02'),('8a8cd0e8-df52-4ecb-b6dd-3aca81f8d760',24.6,90,0,0,NULL,6.3,13.6,'Hà Nội','2026-03-01 15:10:08'),('8ac81950-44d2-4230-8491-ac4e2b49dfdc',23.3,96,0,0,NULL,6.5,8,'Hà Nội','2026-03-02 15:22:16'),('8ac8298d-0289-4df6-8550-290c5baeb79a',31.3,60,0,603,NULL,6.4,13.7,'Hà Nội','2026-03-02 02:52:16'),('8b11109e-762c-4370-87a0-06cc207f05df',23.1,97,0,0,NULL,6.3,7.4,'Hà Nội','2026-03-02 16:09:33'),('8ba3684b-d4b8-439f-b0c6-2a96452c9152',23.9,94,0,0,NULL,6.2,12.2,'Hà Nội','2026-03-02 02:53:02'),('8c07138f-d82a-4c41-92c0-4b93157724d5',26.2,85,0,0,NULL,6,16.3,'Hà Nội','2026-03-02 09:28:55'),('8c33ed58-d583-4b19-bfd3-34e56744de69',23.9,95,0,0,NULL,5.9,11.6,'Hà Nội','2026-03-02 06:32:02'),('8c72fc06-0996-4a83-9ccd-dd076d5f06c8',26.2,85,0,0,NULL,6.4,16.3,'Hà Nội','2026-03-02 02:24:55'),('8c826a47-066a-4de4-aa50-6e188c805c3f',31.6,60,0,910,NULL,6.3,10.6,'Hà Nội','2026-03-02 15:08:38'),('8c83fcf8-642a-4e89-9110-433dc3e2bc80',32.2,66,0,574,NULL,6,10.3,'Hà Nội','2026-03-02 04:39:03'),('8cb55b6a-f6aa-478d-8b08-f2d9d43433e2',23.4,98,0,466,NULL,6.3,4.3,'Hà Nội','2026-03-01 15:34:18'),('8ce2477e-18c9-470d-838b-fec225a2ac50',26.6,82,0,670,NULL,6.2,12.6,'Hà Nội','2026-03-01 15:34:18'),('8ce90570-968a-4b5d-8b84-7aa1ebab398a',27.6,80,0,627,NULL,6.3,3.6,'Hà Nội','2026-03-01 15:10:08'),('8d369366-5d3a-4af3-b969-a44bbc004dbf',23.9,95,0,0,NULL,6.1,11.6,'Hà Nội','2026-03-02 02:52:16'),('8dbe2fd1-1966-4576-84c1-0b05b1661ec4',26.6,85,0,0,NULL,6.3,16.6,'Hà Nội','2026-03-01 15:00:31'),('8dbfa14c-1839-494a-ab26-532f6a1b1b6a',24.1,95,0,0,NULL,6.1,12.6,'Hà Nội','2026-03-01 14:10:55'),('8dc8e67e-686d-469f-8b77-98dc556c5525',30.6,64,0,564,NULL,5.9,8.4,'Hà Nội','2026-03-02 02:52:16'),('8def774a-5347-4556-ac1d-16f5480f907c',23.9,94,0,0,NULL,6.3,12.2,'Hà Nội','2026-03-02 06:32:02'),('8df3ff23-faba-4769-a8f1-60c15c0922c3',30.9,60,0,640,NULL,6.3,15.6,'Hà Nội','2026-03-01 15:21:18'),('8df4d145-8db9-4af7-b012-e3c78b272c56',30.3,71,0,886,NULL,6.2,17.9,'Hà Nội','2026-03-02 03:44:43'),('8e038603-bcfc-4881-b7d6-cc9c147e05c0',23.4,98,0,537,NULL,6.5,4.3,'Hà Nội','2026-03-02 07:06:33'),('8e353a2b-2173-445a-9999-ecc23328eeab',31.5,68,0,963,NULL,5.9,12,'Hà Nội','2026-03-02 15:03:26'),('8e95d39b-1594-4efd-84c3-259ffd46729d',25.3,88,0,0,NULL,6.1,13.8,'Hà Nội','2026-03-02 15:11:02'),('8e9707f6-a9f0-4206-8838-d662944a45db',24.3,94,0,440,NULL,6.5,5.7,'Hà Nội','2026-03-02 16:09:33'),('8ea45975-df5e-4646-a45d-5f0ef25e89e5',27.4,81,0,0,NULL,6.1,13,'Hà Nội','2026-03-02 15:08:38'),('8eca3cc6-948a-418b-b49b-65ecb3ca5329',24.3,94,0,562,NULL,6.3,5.7,'Hà Nội','2026-03-02 04:39:03'),('8f0a8025-e913-416c-8562-c5d1b95e5fbc',31.3,60,0,857,NULL,6.2,9.3,'Hà Nội','2026-03-02 02:52:16'),('8f165980-a5e1-44db-b4f6-1743784f381f',29.3,69,0,621,NULL,6,13.1,'Hà Nội','2026-03-01 14:05:58'),('8f236316-72e6-4eec-a954-9cb825f992f6',25.6,87,0,0,NULL,6.1,14,'Hà Nội','2026-03-01 15:17:59'),('8f3b62b6-3b08-4d0d-b55a-e9eadfb9d6fb',23.1,97,0,0,NULL,6,4.7,'Hà Nội','2026-03-02 15:08:37'),('8f4fdea8-5e45-42db-add6-96aa4b1917c5',27.5,80,0,0,NULL,6.5,17.4,'Hà Nội','2026-03-02 06:32:02'),('8f52ce3f-6ef0-48cf-affe-a07f94f2a122',23.1,97,0,623,NULL,6.4,6.3,'Hà Nội','2026-03-02 03:44:43'),('8f6cfed8-0299-478b-a81d-53f2db43801a',31.6,60,0,942,NULL,6.1,10.6,'Hà Nội','2026-03-02 14:27:04'),('8f837b20-4ff5-4efd-a3f5-f938ca827e44',23.3,96,0,0,NULL,5.9,7.9,'Hà Nội','2026-03-02 02:13:49'),('8fa70bda-b74f-44d0-a763-591a5295f160',23.5,95,0,0,NULL,6,9.7,'Hà Nội','2026-03-01 15:17:59'),('8fb3752e-cb6d-4147-a07b-3ab8ea24451b',31.9,63,0,934,NULL,6.2,4.2,'Hà Nội','2026-03-02 07:06:33'),('8fbbea20-a5a0-48d6-8d7f-3411ebd054a9',26.2,83,0,677,NULL,6.1,0.4,'Hà Nội','2026-03-02 14:27:04'),('8fc1f4db-ef3d-414f-8dc8-d54381750e0b',30.6,67,0,937,NULL,6.4,6.3,'Hà Nội','2026-03-01 14:10:55'),('9030209f-f30e-4595-8fc5-f4bf2c8289d3',23.1,97,0,0,NULL,6.3,6.2,'Hà Nội','2026-03-02 14:27:04'),('903af746-f673-4345-8864-53131d2be335',29.8,64,0,405,NULL,5.9,16.9,'Hà Nội','2026-03-01 15:10:08'),('9089d0d8-a39f-427f-937f-1bc839ac7073',23,97,0,436,NULL,6.5,5.4,'Hà Nội','2026-03-02 04:39:03'),('909d4b3f-f9e9-4dd6-bf2a-714e3393da68',32.3,64,0,518,NULL,6.1,7.8,'Hà Nội','2026-03-02 07:06:33'),('90af528c-be24-4b62-9122-a6934f42651f',27.6,80,0,416,NULL,6,3.6,'Hà Nội','2026-03-01 15:34:18'),('912ade7e-df04-47a5-a58f-7557826bf1fe',30.3,71,0,897,NULL,6.2,17.9,'Hà Nội','2026-03-02 07:06:33'),('9166902c-2407-4309-8a01-cd91ba9fb0f1',29.2,73,0,642,NULL,6.2,5.1,'Hà Nội','2026-03-01 15:00:31'),('91dbf0c5-b270-43e7-bf7d-0cb3a3f4b547',23.4,96,0,0,NULL,6.5,10.4,'Hà Nội','2026-03-01 15:10:08'),('91fceef4-d978-4e9a-8642-021eb817e270',26.3,87,0,415,NULL,6.4,3.4,'Hà Nội','2026-03-02 14:27:04'),('920b4491-72ab-41d5-94e4-6b4a41e61b0e',31.2,61,0,572,NULL,6.5,14.7,'Hà Nội','2026-03-01 15:17:47'),('920c2704-55b5-4362-b0d7-368b250bf416',23.2,97,0,503,NULL,6.3,6.6,'Hà Nội','2026-03-01 15:00:31'),('9213ae92-7eb1-4ea0-b590-7b5dddacf04a',23.1,97,0,0,NULL,6,6.2,'Hà Nội','2026-03-02 04:39:03'),('921ae076-0aba-42b0-b1af-569323180628',30.4,64,0,473,NULL,6.1,13.6,'Hà Nội','2026-03-01 14:05:58'),('9252e579-4797-4416-be2e-8c42221914b4',23.8,95,0,0,NULL,6.3,10.1,'Hà Nội','2026-03-02 02:13:49'),('9257fa39-4420-4b3d-b623-18a652d9cde5',30.3,71,0,856,NULL,6.1,17.9,'Hà Nội','2026-03-02 02:24:55'),('925828e9-872a-4038-bffe-5d5d8c462fb1',23.9,95,0,0,NULL,6.3,11.6,'Hà Nội','2026-03-01 15:34:18'),('92a30f2f-fb78-4ab9-a8e5-6cbda2903066',30.6,67,0,917,NULL,6.4,6.3,'Hà Nội','2026-03-02 15:11:02'),('92b95559-29e1-48f6-9a83-3134fd17cee9',24.7,91,0,0,NULL,6.2,12.3,'Hà Nội','2026-03-02 02:52:16'),('933cec56-af81-4a14-9a5b-9975eb74c84e',31.3,60,0,489,NULL,6,13.7,'Hà Nội','2026-03-02 02:24:55'),('933fbe11-21c0-4d8b-a7f7-8344cecb2652',28.3,76,0,0,NULL,6,12.8,'Hà Nội','2026-03-02 02:53:02'),('9346363d-f158-49d6-a3a0-8cbee3b13d19',26.3,87,0,656,NULL,5.9,3.4,'Hà Nội','2026-03-02 15:03:26'),('93a10ad3-67ef-4c68-a4a6-e7f5c9b28465',25.6,89,0,0,NULL,6.2,15.5,'Hà Nội','2026-03-01 15:00:31'),('93a94026-de5b-448e-accf-52028646c835',23.4,98,0,493,NULL,6.5,4.3,'Hà Nội','2026-03-01 15:21:19'),('94ec3564-91bc-4348-b24d-8d2a08234493',31.6,60,0,987,NULL,6.5,10.6,'Hà Nội','2026-03-02 16:20:15'),('9524c4c7-1f71-48bf-9db3-a96324214629',23.1,97,0,0,NULL,6.1,7.4,'Hà Nội','2026-03-02 14:27:04'),('9539d0ff-1921-4eee-a5c1-989790c26639',26.2,86,0,0,NULL,6.3,13.3,'Hà Nội','2026-03-02 15:13:30'),('95835b84-3199-4aeb-9809-5a7bb6015be7',23.5,95,0,0,NULL,6.3,9.7,'Hà Nội','2026-03-02 03:44:43'),('964b0192-8cfb-4c58-83e7-38a41bfee013',24.8,91,0,0,NULL,6.2,11.8,'Hà Nội','2026-03-02 15:22:16'),('969ec1ff-8487-48a2-8bec-289880637848',24.8,89,0,0,NULL,6.2,14.3,'Hà Nội','2026-03-02 02:52:16'),('96a1a61d-4bb2-449c-a52b-2ab2fa815f20',23.5,95,0,0,NULL,6,9.7,'Hà Nội','2026-03-02 09:28:55'),('96f86f55-262f-43d2-82d1-319ca5c3dbbd',23.6,95,0,0,NULL,6.1,10.9,'Hà Nội','2026-03-02 15:22:16'),('9733bdf7-5730-4564-8ada-1b462e00f165',27.7,78,0,632,NULL,5.9,4,'Hà Nội','2026-03-02 15:13:30'),('9738acea-82f2-45af-af4d-5ba9603d9644',28,76,0,658,NULL,6.1,13.5,'Hà Nội','2026-03-01 15:21:18'),('975fe07c-8d50-47da-bf7e-a09f4dd950b1',24.7,91,0,0,NULL,6.5,12.3,'Hà Nội','2026-03-02 16:09:33'),('976ad8d9-a54f-41c4-ab54-db277f8f083e',23.4,98,0,694,NULL,6.2,4.3,'Hà Nội','2026-03-02 14:27:04'),('97834a2c-e4a1-4446-992d-a1070d8a435f',27.6,80,0,681,NULL,6.3,3.6,'Hà Nội','2026-03-02 02:52:16'),('97855e5b-b0ab-4fc6-87f9-316a73c24fc6',26.2,83,0,577,NULL,5.9,0.4,'Hà Nội','2026-03-02 12:38:24'),('979be465-e602-4548-943b-fc55f7012f84',25,92,0,0,NULL,6.4,13,'Hà Nội','2026-03-01 15:17:47'),('97ae5ccd-9cf0-4545-809b-c923c74bb2d1',27.7,81,0,0,NULL,6.4,14.8,'Hà Nội','2026-03-01 15:17:47'),('97c388ca-867f-47ea-a328-342dd35aaa57',26.6,83,0,0,NULL,6.3,15.7,'Hà Nội','2026-03-02 02:52:16'),('97f5e0b8-b8f4-4cc1-a9c1-66aec556b1f4',23.1,97,0,0,NULL,6,7.4,'Hà Nội','2026-03-02 02:13:49'),('9838c110-30c9-40c9-b039-91eb38e95372',23.4,98,0,472,NULL,6.1,4.3,'Hà Nội','2026-03-02 02:53:02'),('984d152e-c2ef-4b0f-992b-c49b773027f9',29.2,73,0,425,NULL,6.3,5.1,'Hà Nội','2026-03-02 15:08:37'),('98fcf39e-cc90-4899-b1ff-c46743b0273f',23.3,96,0,0,NULL,6.3,7.9,'Hà Nội','2026-03-02 03:44:43'),('9900393e-a250-4053-88f5-b3b0bd415faf',31.3,61,0,987,NULL,6.1,8.7,'Hà Nội','2026-03-02 15:11:02'),('992616ab-27fc-4eaa-beb2-6fcb9be4974c',28.7,75,0,0,NULL,6.2,14,'Hà Nội','2026-03-02 15:13:30'),('99b822aa-dff3-47b4-be61-a0dbf2760476',30.9,60,0,420,NULL,6.4,15.6,'Hà Nội','2026-03-01 14:10:55'),('99cc225f-c467-4ac9-a6b2-db6b8e6e177e',23,97,0,579,NULL,6.3,5.4,'Hà Nội','2026-03-02 15:22:16'),('9a2ead7e-c43b-49be-b967-63e3ed8a8856',25.6,87,0,0,NULL,6,14,'Hà Nội','2026-03-01 15:34:18'),('9a470e0c-4a7d-41a0-ade2-8ab5f3b6d3f3',31.5,68,0,894,NULL,6.4,12,'Hà Nội','2026-03-02 02:52:16'),('9a4ae5a6-62c8-4b76-a4a2-46353e1aeb3a',29.2,69,0,0,NULL,6,12.8,'Hà Nội','2026-03-02 15:08:38'),('9a838866-9f86-4cd3-afb7-d4a26cc06263',24,94,0,666,NULL,6.3,5.6,'Hà Nội','2026-03-02 15:11:02'),('9a8b99f8-3339-468c-8914-904af970e21d',23.1,97,0,0,NULL,6.5,6.2,'Hà Nội','2026-03-02 15:11:02'),('9b2cf23c-aafc-4df3-8865-83d56a2c3db2',29.2,69,0,0,NULL,6,12.8,'Hà Nội','2026-03-02 15:03:26'),('9c2830d7-acfe-4a31-8fc7-103096da19d3',23.2,97,0,0,NULL,6.3,6,'Hà Nội','2026-03-02 02:53:02'),('9c34fc16-104d-4482-a513-f221b8f94d71',25.3,88,0,0,NULL,6.1,13.8,'Hà Nội','2026-03-02 15:08:38'),('9c457865-9941-4156-8406-2d4457d88356',31.9,63,0,934,NULL,5.9,4.2,'Hà Nội','2026-03-01 14:06:10'),('9c55a62b-054f-45a5-bf50-8b4e61c2e9c8',31.3,61,0,987,NULL,6.1,8.7,'Hà Nội','2026-03-02 15:03:26'),('9ca3adfe-0c2f-4f0c-8b43-abdc5c977877',23.4,96,0,0,NULL,6.4,9.7,'Hà Nội','2026-03-02 15:03:26'),('9cf04180-d893-44f2-a3ad-4bc300a4bbd0',23.2,97,0,0,NULL,6.2,8.8,'Hà Nội','2026-03-01 14:05:53'),('9d48d049-2ea1-4068-9913-5b4fe718c04b',26.5,84,0,0,NULL,6.3,14.3,'Hà Nội','2026-03-01 14:10:55'),('9d88ed6a-614d-4fdf-b42b-44ec3c4972e9',24.6,90,0,0,NULL,6.2,13.6,'Hà Nội','2026-03-01 15:17:59'),('9d8e72e5-8392-4d51-92b0-4e3e32c57424',24.3,94,0,623,NULL,6.2,5.7,'Hà Nội','2026-03-01 15:17:59'),('9da69538-e7a8-4f63-90d6-0272c1dedf49',29.2,73,0,518,NULL,6.2,5.1,'Hà Nội','2026-03-01 14:10:55'),('9dbd79eb-1979-4f9b-811d-81ae50ed6cfc',26.6,85,0,0,NULL,6.5,16.6,'Hà Nội','2026-03-01 14:10:55'),('9ddcc50b-9860-419a-90a4-99044f2baf3e',24,94,0,602,NULL,6.2,5.6,'Hà Nội','2026-03-02 16:09:33'),('9e0e7b5b-f057-4f45-90fb-674e54cdff6c',23.1,97,0,0,NULL,6.1,7.4,'Hà Nội','2026-03-02 07:06:33'),('9e42a394-0ab4-4cbf-8e78-1e31f6e7a00f',28.3,76,0,0,NULL,6.1,12.8,'Hà Nội','2026-03-02 03:44:43'),('9e5f9374-5904-4ef5-92ca-f1e79da3db02',24.1,95,0,0,NULL,6.3,12.6,'Hà Nội','2026-03-01 15:00:31'),('9e73bf3b-492c-418d-8857-32a81b653e9c',23.1,97,0,0,NULL,6.3,6.2,'Hà Nội','2026-03-02 12:38:21'),('9e74ba7b-11d8-40a6-857b-2e75c3702b93',32.3,64,0,650,NULL,6.4,7.8,'Hà Nội','2026-03-01 14:06:10'),('9ed6628b-4301-4655-8ee7-94c3086944c3',29.9,66,0,529,NULL,6.2,14,'Hà Nội','2026-03-02 02:52:16'),('9ef07147-e336-45f2-94d9-7a681fe77f7a',24.7,91,0,0,NULL,6.3,12.3,'Hà Nội','2026-03-02 15:03:26'),('9f1cad99-0b97-48a0-990f-b68190f184b3',26.2,83,0,451,NULL,6.4,0.4,'Hà Nội','2026-03-02 16:09:33'),('9f28fe82-051f-4f65-8e2f-1c096d4d9df2',27.4,81,0,0,NULL,6.1,13,'Hà Nội','2026-03-02 15:11:02'),('9f30a650-9153-456c-9bcd-6d70800354be',31.4,60,0,973,NULL,6,11.2,'Hà Nội','2026-03-02 04:39:04'),('9fc5e091-faa8-4fc9-8a50-e1329fffd2cc',32.2,66,0,461,NULL,6,10.3,'Hà Nội','2026-03-02 14:27:04'),('9fd87e09-203b-4ebe-8b6f-59eefaea768a',31.5,68,0,992,NULL,5.9,12,'Hà Nội','2026-03-02 12:38:14'),('9fedf11c-53e6-4931-b948-f48b73ad7dbc',26.3,87,0,497,NULL,6.1,3.4,'Hà Nội','2026-03-02 15:13:30'),('a06c090c-9bdb-4506-b4d3-b0a5206c16b0',23.9,95,0,0,NULL,6.1,11.6,'Hà Nội','2026-03-01 14:10:55'),('a0725e13-0563-4bae-b98b-5d0722eaf588',31.2,61,0,599,NULL,6.4,14.7,'Hà Nội','2026-03-01 14:10:55'),('a07f25bb-bef4-42ce-bf2a-94ac34d38dc9',23.4,96,0,0,NULL,6.5,10.4,'Hà Nội','2026-03-01 15:17:47'),('a0a02672-9de5-4bf7-b8b8-4df5f6daa3c9',26.3,87,0,602,NULL,6.2,3.4,'Hà Nội','2026-03-02 07:06:33'),('a0f0d45e-d177-4678-ad17-e225e09a01d4',25.6,87,0,0,NULL,6,14,'Hà Nội','2026-03-01 14:06:14'),('a1096900-5170-4d44-a1fc-af66b0c39cfd',23.2,97,0,0,NULL,6.4,6,'Hà Nội','2026-03-02 15:11:02'),('a1267935-49f0-462f-a206-98033da693ba',31.5,68,0,866,NULL,6.3,12,'Hà Nội','2026-03-01 15:17:47'),('a172a4fe-1943-46e2-9aea-231b7fe9830d',31.3,61,0,935,NULL,6.3,8.7,'Hà Nội','2026-03-02 14:27:04'),('a1756c35-856f-487e-b2e3-ebec050873a2',23.3,96,0,0,NULL,6,7.9,'Hà Nội','2026-03-02 02:52:16'),('a18fc553-8c12-4a62-8559-f2aed3dc3c2b',29.2,73,0,486,NULL,5.9,5.1,'Hà Nội','2026-03-01 15:21:19'),('a1b025b4-8744-40fd-8bc2-afc23742012e',23.8,95,0,0,NULL,5.9,10.1,'Hà Nội','2026-03-02 02:53:02'),('a28705fd-8983-438e-8aec-46aeeae48152',23,97,0,678,NULL,6.2,5.4,'Hà Nội','2026-03-02 16:20:15'),('a299de90-afc6-4664-a408-75da99ddd260',25,92,0,0,NULL,6.1,13,'Hà Nội','2026-03-01 15:34:18'),('a2d9fad1-8c95-46c8-82d9-e48555eedfe3',23.8,95,0,0,NULL,5.9,10.1,'Hà Nội','2026-03-02 02:52:16'),('a30d1c7b-0b6d-4a29-bef9-74f217fe152f',32.3,64,0,677,NULL,6.4,7.8,'Hà Nội','2026-03-02 02:13:49'),('a323653f-048f-438a-9e87-e99a30afea2d',23.8,95,0,0,NULL,6,10.1,'Hà Nội','2026-03-02 14:27:04'),('a33c7ac6-0b98-47c9-8305-841dea69b69e',26.2,83,0,508,NULL,6,0.4,'Hà Nội','2026-03-02 09:28:55'),('a33faea8-d6d3-4b5f-90b3-6aac615eb1a8',25,92,0,0,NULL,5.9,13,'Hà Nội','2026-03-01 15:00:31'),('a34c0054-2a57-4855-9b2e-48eaa0baa6e6',30.4,65,0,916,NULL,6.2,6.9,'Hà Nội','2026-03-02 16:20:15'),('a3763328-6b47-42f3-b6c5-ae3bdb56d928',31.4,60,0,985,NULL,6.3,11.2,'Hà Nội','2026-03-02 09:28:55'),('a3b44e5c-e75b-47c7-80be-5ab2b92e09e4',25.1,89,0,577,NULL,6.4,10.8,'Hà Nội','2026-03-01 14:10:55'),('a3ea1487-bf36-40db-99b3-5efc66748964',25.3,89,0,0,NULL,6.4,13.1,'Hà Nội','2026-03-02 15:03:26'),('a40c656f-0779-45a8-8b0e-bddaaa2d3dc5',23.9,95,0,0,NULL,6,11.6,'Hà Nội','2026-03-02 12:38:06'),('a4153e2f-e0d9-404f-ba8c-243db82d35d6',31.5,68,0,894,NULL,6.4,12,'Hà Nội','2026-03-02 02:53:02'),('a43aa8df-af01-4c25-bcd9-0963909ce4b4',28,76,0,658,NULL,6.1,13.5,'Hà Nội','2026-03-01 15:17:47'),('a49fc080-d5a6-4adf-800e-95364e3282ab',29.8,64,0,590,NULL,6.4,16.9,'Hà Nội','2026-03-01 15:17:59'),('a4af5d8f-8fb8-468a-a4bf-9835c0f2c86d',24.2,92,0,0,NULL,6.2,12.5,'Hà Nội','2026-03-02 02:52:16'),('a4efa75c-b5cd-47fe-99c4-1a6d4714e20b',23.2,97,0,0,NULL,6.1,6,'Hà Nội','2026-03-02 15:13:30'),('a4f0c433-3da3-4a06-b12e-c7e265d409ef',23.3,96,0,0,NULL,6.2,8,'Hà Nội','2026-03-02 03:44:43'),('a5178872-a7fd-46c3-b9bd-efd914f75339',23.3,97,0,0,NULL,6.1,9.4,'Hà Nội','2026-03-01 15:21:18'),('a5395bac-1659-46f0-a28e-53a3536acda0',32.2,66,0,652,NULL,6.5,10.3,'Hà Nội','2026-03-02 03:44:43'),('a5a4a337-f48c-471b-8562-8a57c3965e3e',32.3,64,0,658,NULL,6.4,7.8,'Hà Nội','2026-03-02 15:11:02'),('a5a56577-3c07-4325-82ec-08e81538029e',26.2,85,0,0,NULL,6.2,16.3,'Hà Nội','2026-03-02 02:52:16'),('a5c7e462-5239-49cd-b361-5161b482af3a',26.3,87,0,592,NULL,6.1,3.4,'Hà Nội','2026-03-01 15:10:08'),('a5c8d6ac-caa3-4189-9f17-f5467942bb95',31.5,68,0,866,NULL,6.3,12,'Hà Nội','2026-03-01 15:21:19'),('a635df62-2197-49ac-84d7-c8db3b9b82fb',26.5,84,0,0,NULL,6.4,14.3,'Hà Nội','2026-03-01 15:34:18'),('a6b3feea-677b-4017-a8e1-0c859eaf3d6c',24.2,92,0,0,NULL,5.9,12.5,'Hà Nội','2026-03-02 15:11:02'),('a6df6e7b-8a5b-4fd7-a273-e9bfecb69aa1',29.8,64,0,590,NULL,6.4,16.9,'Hà Nội','2026-03-01 15:17:47'),('a6edc031-51e3-4875-991a-9846edd6eabe',23.4,95,0,0,NULL,6.4,11.2,'Hà Nội','2026-03-01 15:21:18'),('a77ce413-ddc9-4d3a-a73d-ee58bba69b32',24.7,91,0,0,NULL,6.1,12.3,'Hà Nội','2026-03-02 15:13:30'),('a7986c67-2b00-4cfd-a17d-6e486d3f732d',23.2,98,0,681,NULL,6.4,6.4,'Hà Nội','2026-03-01 15:17:59'),('a81bd503-7fb3-4a76-a7c6-bc39ed972780',25.8,87,0,0,NULL,6,14.1,'Hà Nội','2026-03-02 04:39:04'),('a84a5a25-94e2-405f-8dfd-4587fea6bfb9',23.4,98,0,493,NULL,6.5,4.3,'Hà Nội','2026-03-01 15:17:47'),('a8973b20-dcb5-429f-bb65-751c14eebc9b',26.3,87,0,640,NULL,6.4,3.4,'Hà Nội','2026-03-02 04:39:03'),('a8c5a1f0-6331-4a40-8a3e-a8ae861c832b',25,92,0,0,NULL,5.9,13,'Hà Nội','2026-03-01 15:10:08'),('a8ce01bc-73c6-4de7-9001-5dd0c7b6bd58',31.9,63,0,840,NULL,6.4,4.2,'Hà Nội','2026-03-02 16:09:33'),('a8e21cc0-ec34-48ab-b93d-82215a3a7dc6',26.6,83,0,0,NULL,6.1,15.7,'Hà Nội','2026-03-02 02:24:55'),('a8f2b945-209e-436c-9a61-f336a8c6f727',31.6,58,0,883,NULL,6.1,11.7,'Hà Nội','2026-03-02 02:24:55'),('a9bfada4-c191-4b06-990a-7fa12a04dcb7',23.9,95,0,0,NULL,5.9,11.6,'Hà Nội','2026-03-02 16:20:15'),('a9c8da66-7431-4b44-b257-e7395b25ba03',23.1,97,0,0,NULL,6,4.7,'Hà Nội','2026-03-01 15:00:31'),('a9fbac2a-9002-41e1-861f-f250a435586b',23.3,96,0,0,NULL,6.2,8,'Hà Nội','2026-03-02 02:52:16'),('aa52bfc1-f15a-464a-bbe8-0b2ce0486fb3',23.3,96,0,0,NULL,6.4,7.9,'Hà Nội','2026-03-02 15:22:16'),('aa806572-8773-4de1-8b32-5453e16ba900',23.1,97,0,0,NULL,6.5,6.2,'Hà Nội','2026-03-02 15:03:26'),('aa9a6278-d2e0-4c59-a498-b3361494b8e5',31.2,61,0,648,NULL,5.9,14.7,'Hà Nội','2026-03-01 15:34:18'),('aaa5dfa2-d551-494b-9a5c-ea7460cf84bd',23.1,97,0,0,NULL,6.3,6.2,'Hà Nội','2026-03-02 16:20:15'),('ab501906-735a-4cf8-8d4d-419161ac35ad',23.9,95,0,0,NULL,6.4,11.6,'Hà Nội','2026-03-02 15:08:37'),('ab573946-0e31-435a-86cc-9f58dd3789ac',31.9,63,0,930,NULL,6.1,4.2,'Hà Nội','2026-03-02 15:08:37'),('ab82f3a8-5661-4a3b-a291-ed8084805671',26.6,83,0,0,NULL,6.1,15.7,'Hà Nội','2026-03-02 02:13:49'),('abd0c7b0-55c0-4dcf-8f86-e749743b0f71',27.8,76,0,678,NULL,6,3.8,'Hà Nội','2026-03-02 03:44:43'),('ac9ac4e5-46a8-495b-ae90-6fbac89ec2b0',26.6,82,0,548,NULL,6,12.6,'Hà Nội','2026-03-01 14:10:55'),('accc27e0-2604-4017-8928-e4c027dec069',30.8,60,0,408,NULL,6.2,16.6,'Hà Nội','2026-03-01 15:10:08'),('ace607c1-61c8-4517-bc8f-e2807a01e96c',31.6,60,0,938,NULL,6.3,10.6,'Hà Nội','2026-03-02 15:13:30'),('ad391f66-2782-4b64-b1ca-461a71382669',24,94,0,666,NULL,6.3,5.6,'Hà Nội','2026-03-02 15:08:38'),('ad7321ea-b45c-4288-89a6-6f8f42f72a21',29.2,73,0,516,NULL,6.3,5.1,'Hà Nội','2026-03-02 02:53:02'),('ae316d16-e034-479e-9549-599de004a5a3',25.3,88,0,0,NULL,6.4,13.8,'Hà Nội','2026-03-02 02:24:55'),('aed59c7c-0d45-4b77-a0c9-0d9d6799d911',27.7,81,0,0,NULL,6.3,14.8,'Hà Nội','2026-03-01 14:10:55'),('af288148-9f0b-4af8-a62c-6cdc57103351',27.5,80,0,0,NULL,6.5,17.4,'Hà Nội','2026-03-02 09:28:55'),('af577f69-56ae-4352-bdff-e62ef3a233ef',28.7,75,0,0,NULL,6.3,14,'Hà Nội','2026-03-02 14:27:04'),('af7c71d2-c003-43af-b4f3-d852bba27939',23.2,97,0,689,NULL,6.2,6.6,'Hà Nội','2026-03-01 15:21:18'),('afa86aee-db92-46c5-8f00-7a5a4bb84819',23.1,97,0,0,NULL,5.9,7.4,'Hà Nội','2026-03-01 15:34:18'),('afde8610-7f94-4f05-ae75-1a944bbae83c',25.3,89,0,0,NULL,6.4,13.1,'Hà Nội','2026-03-02 15:11:02'),('afe9d94e-6d0e-4d09-a874-d6a28b71541a',23.4,96,0,0,NULL,6.5,10.4,'Hà Nội','2026-03-01 15:17:59'),('b017538c-1208-4022-b713-cd44a042c23b',24.2,92,0,0,NULL,6.4,11.3,'Hà Nội','2026-03-02 04:39:04'),('b0189d98-08f5-4200-bf0b-a060d436f443',30.4,65,0,961,NULL,6.1,6.9,'Hà Nội','2026-03-02 15:22:16'),('b058e22c-a142-4bbe-80bd-3a872686cb10',23.9,94,0,0,NULL,5.9,12.2,'Hà Nội','2026-03-02 14:27:04'),('b082ce51-e997-4445-8301-0d72f7fbffcf',31.4,59,0,694,NULL,5.9,9.8,'Hà Nội','2026-03-02 16:20:15'),('b089f3a9-19c2-416f-9794-78dc81f56a1d',30.4,63,0,533,NULL,6.2,14,'Hà Nội','2026-03-02 09:28:55'),('b0911e65-4ddf-485b-ae63-c3547a758d6e',27.7,81,0,0,NULL,6.3,14.8,'Hà Nội','2026-03-01 15:10:08'),('b0cceffe-3ba1-4396-a3e8-c80244a14a0b',23.2,97,0,0,NULL,6.2,7.7,'Hà Nội','2026-03-01 14:05:53'),('b0d701a3-a874-4719-aaea-99864cc094ff',23.4,96,0,0,NULL,6.3,9.7,'Hà Nội','2026-03-02 02:53:02'),('b0de3cb9-b05f-47e4-9c54-fd64e153be22',30.3,71,0,967,NULL,6.5,17.9,'Hà Nội','2026-03-02 06:32:02'),('b1211b5b-4c1c-46bb-98df-19eae61eb3f8',24.6,90,0,0,NULL,6,13.6,'Hà Nội','2026-03-01 14:10:55'),('b18d7a1d-3fcd-4146-930f-7c470aae239c',24.6,93,0,0,NULL,6.3,10.5,'Hà Nội','2026-03-01 15:00:31'),('b1a4dd88-d7ad-4e30-8550-3e9ca63f1ca5',23.1,97,0,0,NULL,6,4.7,'Hà Nội','2026-03-02 15:03:26'),('b1a9697e-03a5-4339-84f4-a4edf7b1fdd0',26.8,81,0,633,NULL,6.2,4.1,'Hà Nội','2026-03-02 03:44:43'),('b1ee9866-61f9-414f-8d5a-880e9da1a971',24.5,91,0,0,NULL,6.4,12,'Hà Nội','2026-03-02 04:39:04'),('b21b5990-1bb5-457d-ad0b-418a7c3f46cc',23.4,96,0,651,NULL,6.3,4.3,'Hà Nội','2026-03-02 12:38:22'),('b24fd956-540f-449e-8a2f-92a05ff6d178',23.6,95,0,0,NULL,6.5,10.9,'Hà Nội','2026-03-02 03:44:43'),('b287689c-e951-4c0c-acb8-b5abb4f2b678',26.9,83,0,0,NULL,6.3,13.9,'Hà Nội','2026-03-02 06:32:02'),('b2ba6429-c907-4557-8cb9-b207172cadeb',25.6,87,0,0,NULL,6.3,14,'Hà Nội','2026-03-01 14:10:55'),('b2eb3cd7-23ec-42b0-9ff6-e12d80a94299',24.1,95,0,0,NULL,6,12.6,'Hà Nội','2026-03-01 15:34:18'),('b2f28ab4-0e4b-48ea-9fd1-e24e8e4b555a',23.1,97,0,402,NULL,6.3,6.3,'Hà Nội','2026-03-02 07:06:33'),('b2f98767-6408-49ce-be5a-cb3070db7693',23.8,95,0,0,NULL,6.2,10.1,'Hà Nội','2026-03-01 15:10:08'),('b34f5104-e5fc-4abc-ae14-bc08e749de28',26.2,83,0,600,NULL,6,0.4,'Hà Nội','2026-03-02 15:03:26'),('b385adec-eb63-417f-868f-9b23470674f1',25.3,88,0,0,NULL,6.1,13.8,'Hà Nội','2026-03-02 14:27:04'),('b39eb6c5-37bb-4b95-993e-3c0ae911a574',24.2,92,0,0,NULL,6.1,12.5,'Hà Nội','2026-03-02 06:32:02'),('b3a96775-c777-49b6-ab86-14eb224a2d23',26.6,83,0,0,NULL,6.3,15.7,'Hà Nội','2026-03-02 02:53:02'),('b3edd566-360c-4bc3-b47c-c7e19f79bc5d',31.5,68,0,866,NULL,6.1,12,'Hà Nội','2026-03-01 15:10:08'),('b40ec77b-1757-4e9c-ab8c-d93fd387217c',23.3,96,0,0,NULL,6.3,8,'Hà Nội','2026-03-02 16:20:15'),('b41410d9-7d6c-4f02-b2d2-4af2a0e5717a',24.3,94,0,524,NULL,6,5.7,'Hà Nội','2026-03-01 14:06:07'),('b47b347e-6ec2-44a2-9615-1d72521ca895',26.3,87,0,653,NULL,5.9,3.4,'Hà Nội','2026-03-02 02:52:16'),('b4a8ece0-03b6-41d8-83ab-933c37b5fae1',25.3,88,0,0,NULL,5.9,13.8,'Hà Nội','2026-03-02 03:44:43'),('b4d46da1-af15-4adf-a9e5-2327f3dd6a90',31.5,68,0,924,NULL,6,12,'Hà Nội','2026-03-02 04:39:03'),('b4fba0cc-56a7-4221-a317-3116db8fd765',23.1,97,0,545,NULL,6.4,6.3,'Hà Nội','2026-03-02 12:38:22'),('b54f6039-6602-4d34-b7a1-37df3f0f3325',29.8,64,0,590,NULL,6.4,16.9,'Hà Nội','2026-03-01 15:21:18'),('b5703ddf-4a7c-4673-af40-2707f88df47c',23.3,96,0,0,NULL,6.5,7.9,'Hà Nội','2026-03-02 12:38:08'),('b575e7c0-0411-460d-8c16-9663dc6d9eb2',27.7,81,0,0,NULL,6.4,14.8,'Hà Nội','2026-03-01 15:21:19'),('b5f73372-2821-41a4-879a-2d3a843f0bb6',28.7,75,0,0,NULL,6,14,'Hà Nội','2026-03-02 09:28:55'),('b67824d6-a87c-464a-a976-b88fcfc7ba7e',23.2,97,0,0,NULL,6.3,7.7,'Hà Nội','2026-03-01 15:34:18'),('b6b3fd2f-78fc-43fb-ad65-e1bc2c3c0e56',23.1,97,0,0,NULL,6.4,6.2,'Hà Nội','2026-03-02 03:44:43'),('b707395b-2772-41ef-b09d-0c65e725a802',25.3,89,0,617,NULL,5.9,2.2,'Hà Nội','2026-03-02 15:22:16'),('b7348d4f-587b-496f-a440-e218e1c1998b',23.1,97,0,0,NULL,6.3,7.4,'Hà Nội','2026-03-01 14:06:06'),('b736f759-dfc4-4a19-92b3-308033e6a180',29.1,71,0,466,NULL,6.4,6,'Hà Nội','2026-03-02 04:39:04'),('b78d3fc2-6235-4215-98f1-0d3f76185bf9',23.3,96,0,0,NULL,6,7.9,'Hà Nội','2026-03-02 09:28:55'),('b7b84231-ad83-45b3-aeee-51084a8ea8cd',23.4,96,0,0,NULL,6.2,9.7,'Hà Nội','2026-03-02 09:28:55'),('b7d71583-fa78-4ad6-997d-ded839cd44bb',23.1,97,0,0,NULL,6,4.7,'Hà Nội','2026-03-01 15:10:08'),('b7f722b9-8c02-4c66-a235-8064efc5ec40',27.5,80,0,0,NULL,6.2,17.4,'Hà Nội','2026-03-02 02:52:16'),('b8592cf3-279e-40ff-a3a5-ceb4e906fefc',26.5,84,0,0,NULL,6,14.3,'Hà Nội','2026-03-01 15:10:08'),('b86b816e-9140-4acd-b996-cdce087f2aac',27.7,78,0,535,NULL,6,4,'Hà Nội','2026-03-02 06:32:02'),('b8fba9de-1ff1-48f0-92d2-e38ce5ca5de9',30.6,64,0,421,NULL,6.1,8.4,'Hà Nội','2026-03-02 02:24:55'),('b90084ab-f71e-44ee-a003-cd986bec0f01',23.3,96,0,0,NULL,6.1,8,'Hà Nội','2026-03-02 04:39:03'),('b90bc997-9f05-48f7-ad45-eb3433fd34b6',26.2,86,0,0,NULL,6.2,13.3,'Hà Nội','2026-03-02 15:08:38'),('b9298a2a-5632-446f-84be-810254d13c5f',23.2,97,0,689,NULL,6.2,6.6,'Hà Nội','2026-03-01 15:17:59'),('b9770b95-21d6-4026-906d-6fa71c2d4d41',23.9,95,0,0,NULL,5.9,11.6,'Hà Nội','2026-03-01 15:17:59'),('b98820d7-34af-4dce-8fb0-333ca20cbe28',28.7,75,0,0,NULL,6.5,14,'Hà Nội','2026-03-01 15:21:19'),('b98b942c-4002-47a1-a2ea-8fc274f17e17',25.1,89,0,673,NULL,6,10.8,'Hà Nội','2026-03-01 15:00:31'),('b99d52da-68e0-4ef9-ae75-9ee2b2cb5d47',25.6,87,0,0,NULL,6.1,14,'Hà Nội','2026-03-01 15:17:47'),('b9f98342-2181-4497-a8ec-ecfb861997b2',23.3,96,0,0,NULL,6.2,8,'Hà Nội','2026-03-02 14:27:04'),('ba4342ce-6be6-4781-80be-ce820d8cb4ee',31.6,60,0,873,NULL,6.1,10.6,'Hà Nội','2026-03-02 12:38:26'),('ba9ef557-0fff-4f5d-9ab8-9cccde2bdc45',25,92,0,0,NULL,6.2,13,'Hà Nội','2026-03-01 14:10:55'),('baa40689-e139-413d-a678-73b86a9e094d',29.2,73,0,677,NULL,6.2,5.1,'Hà Nội','2026-03-02 09:28:55'),('baa93267-9abf-44fc-9909-666342dfc3c8',24.2,92,0,0,NULL,5.9,12.5,'Hà Nội','2026-03-02 15:08:38'),('bad95865-dc09-4c7e-9988-464b166200b2',25.6,87,0,0,NULL,6.1,14,'Hà Nội','2026-03-01 15:21:19'),('baf34a62-b7f9-49a0-ad2f-3a2de49aabef',31.9,63,0,800,NULL,5.9,4.2,'Hà Nội','2026-03-01 15:17:59'),('baf5c7f5-b6a8-41e0-aa56-47d372e87c0b',23.9,95,0,639,NULL,6.5,10,'Hà Nội','2026-03-01 15:21:18'),('bb1edc6e-9fd9-4db2-ba9d-13fec18486c2',27.5,80,0,0,NULL,6.5,17.4,'Hà Nội','2026-03-02 15:11:02'),('bb820cf7-398d-4383-904b-5daa90fb66d6',23.4,96,0,0,NULL,6.4,9.7,'Hà Nội','2026-03-02 03:44:43'),('bbc7e570-f50a-44a3-b623-8d4d624824e6',24.8,89,0,0,NULL,6.3,14.3,'Hà Nội','2026-03-02 02:24:55'),('bc1ab265-f1a7-4e02-a427-29886add163f',28,76,0,479,NULL,6.2,13.5,'Hà Nội','2026-03-01 15:10:08'),('bc3cc3f2-79e6-448d-a34c-8e1bc447b5f9',26.3,87,0,597,NULL,6,3.4,'Hà Nội','2026-03-02 02:13:49'),('bc5409c5-a983-488d-befa-c154707091df',23,97,0,645,NULL,6.4,5.4,'Hà Nội','2026-03-02 02:13:49'),('bc57e9af-7aa8-42bb-9daa-8590a93bec4d',23.5,95,0,0,NULL,6,9.7,'Hà Nội','2026-03-01 15:10:08'),('bc82fc9b-c9a6-4632-8d60-dd413abd5168',25,92,0,0,NULL,6.4,13,'Hà Nội','2026-03-01 15:21:18'),('bc98fec3-112e-4d41-8f82-ab37c0ce6770',24.7,91,0,0,NULL,6.5,12.3,'Hà Nội','2026-03-02 12:38:17'),('bca27e28-2d6a-4c48-b7cd-c89d7099edd6',31.5,68,0,892,NULL,6.2,12,'Hà Nội','2026-03-02 09:28:55'),('bca9f4bf-7f40-48c8-b5f4-47447b6d09a3',26.3,87,0,497,NULL,6.1,3.4,'Hà Nội','2026-03-02 15:22:16'),('bcc15a11-7303-4725-9182-7bc9ec57f660',31.6,60,0,910,NULL,6.3,10.6,'Hà Nội','2026-03-02 15:11:02'),('bcf03474-8cdb-4115-b387-7587e07bebb0',23.1,97,0,0,NULL,6.2,6.2,'Hà Nội','2026-03-02 06:32:02'),('bcfde530-bf4e-4e31-ae19-ee50c5f215e6',30.3,71,0,921,NULL,6.3,17.9,'Hà Nội','2026-03-02 15:13:30'),('bd900187-6282-4fef-adcf-231c2255d144',24.2,92,0,0,NULL,6.2,11.3,'Hà Nội','2026-03-02 09:28:55'),('bde662eb-4d25-4f28-aa85-fa1431082fbe',25.1,89,0,673,NULL,6,10.8,'Hà Nội','2026-03-01 15:10:08'),('be7a68f3-9313-404d-be90-af3780fa82a1',24.3,94,0,457,NULL,6.3,5.7,'Hà Nội','2026-03-02 03:44:43'),('be95119b-f847-4e87-80db-3da7010d34d2',23.3,96,0,0,NULL,6.3,7.9,'Hà Nội','2026-03-02 16:09:33'),('beccb288-a7c2-4f0e-b215-ab1176397fb2',32.3,64,0,488,NULL,6.4,7.8,'Hà Nội','2026-03-02 02:53:02'),('bf3ca491-a73f-492d-a173-5dab283e8521',31.3,60,0,857,NULL,6.5,9.3,'Hà Nội','2026-03-02 02:24:55'),('bf70a086-6693-41f7-a610-b7eb926a30e1',31.3,60,0,489,NULL,6,13.7,'Hà Nội','2026-03-02 02:13:49'),('bf911e1b-f1ab-4823-a61c-da98d5759d81',23.3,96,0,0,NULL,6,7.9,'Hà Nội','2026-03-02 15:08:37'),('bfaa2627-a92f-4d3a-b289-60b62954f56c',30.4,63,0,499,NULL,6,14,'Hà Nội','2026-03-02 07:06:33'),('bfee2c26-e3de-4ac5-8dda-89a1945064f3',29.3,69,0,555,NULL,6.5,13.1,'Hà Nội','2026-03-01 15:21:18'),('c0804247-7f10-4b6c-802f-d535eb64b60d',24.1,95,0,0,NULL,6.3,12.6,'Hà Nội','2026-03-01 15:10:08'),('c0bc5b98-f9b2-49f5-a6af-2d8516cc5f1a',23.2,97,0,0,NULL,6.4,7.7,'Hà Nội','2026-03-01 15:17:47'),('c0d0cb82-2ef6-4796-a113-98411484afc2',25.3,89,0,442,NULL,6.3,2.2,'Hà Nội','2026-03-02 06:32:02'),('c0dd6f9d-0f70-4959-9316-7092da82ccf8',29.8,64,0,413,NULL,5.9,16.9,'Hà Nội','2026-03-01 14:06:00'),('c12754f0-1741-434b-a809-86f7c16c4473',27.5,80,0,0,NULL,6,17.4,'Hà Nội','2026-03-02 16:20:15'),('c14a6c47-d4a7-41d4-98d4-3918c0ee2f68',23,97,0,630,NULL,6.4,5.4,'Hà Nội','2026-03-02 07:06:33'),('c1614b38-77bd-4bc1-85d1-2509e21edb37',27.6,80,0,502,NULL,6.4,3.6,'Hà Nội','2026-03-02 07:06:33'),('c1894bf6-0a0f-4dd0-922b-4493c34b76ea',24.6,93,0,0,NULL,5.9,10.5,'Hà Nội','2026-03-01 15:21:18'),('c1b20c36-d320-4101-b4f9-4bf38e00096e',26.2,85,0,0,NULL,6.3,16.3,'Hà Nội','2026-03-02 07:06:33'),('c202d94a-ed1e-4cba-9d26-0ca72b67e4ae',23.1,97,0,0,NULL,6.4,4.7,'Hà Nội','2026-03-02 07:06:33'),('c21cda94-08bd-49e7-b106-51812f8daf9f',26.2,83,0,561,NULL,6.2,0.4,'Hà Nội','2026-03-02 04:39:04'),('c23da0c1-9a70-4c2f-ba9d-c4978496e9e3',26.6,85,0,0,NULL,6,16.6,'Hà Nội','2026-03-01 15:17:59'),('c24605c0-b535-4395-87a2-9c1239f00df7',30.4,65,0,986,NULL,6,7.4,'Hà Nội','2026-03-02 09:28:55'),('c295e7c8-7cd2-449d-b408-0b289446ff21',29.9,66,0,529,NULL,6.2,14,'Hà Nội','2026-03-02 02:53:02'),('c2bf50a3-759a-451f-a46a-9fbb3c1d9fc0',28.7,75,0,0,NULL,6.3,14,'Hà Nội','2026-03-02 12:38:15'),('c2dd234c-dfdd-47f4-91b3-c42e0abd9d9b',23.3,97,0,0,NULL,6.1,9.4,'Hà Nội','2026-03-01 15:17:47'),('c2df14fe-eae8-4efa-8328-6c99525120b3',23.1,97,0,622,NULL,6.4,6.3,'Hà Nội','2026-03-02 02:24:55'),('c2fbc1d5-08e3-4634-9a74-936efeecfa6d',23.1,97,0,629,NULL,5.9,6.3,'Hà Nội','2026-03-02 15:22:16'),('c33c396d-c3a1-4f1d-a553-f3f12c1b6b59',31.9,63,0,800,NULL,5.9,4.2,'Hà Nội','2026-03-01 15:21:19'),('c360d71a-9568-421f-882b-2fd847ee83f0',23.8,95,0,0,NULL,6.1,10.1,'Hà Nội','2026-03-01 15:17:59'),('c38a52de-4c8a-42f6-a3f0-124bee9a5a82',27.7,78,0,541,NULL,6.1,4,'Hà Nội','2026-03-02 15:03:26'),('c38de628-98f3-4fbc-93c4-6a3e8f22db8c',27.6,80,0,579,NULL,6.1,3.6,'Hà Nội','2026-03-02 06:32:02'),('c39226db-b1cf-465f-99f1-bdc5f472fcec',29.1,71,0,599,NULL,6.1,6,'Hà Nội','2026-03-02 15:11:02'),('c3bd6984-28f0-48dd-a942-8cfe86412c2f',31.5,68,0,997,NULL,6.1,12,'Hà Nội','2026-03-02 16:20:15'),('c3bdd26f-5c54-421b-83d0-d939904a5ccc',26.5,84,0,0,NULL,6.4,14.3,'Hà Nội','2026-03-01 15:17:59'),('c3e25c10-ee2f-4746-a103-0d82aa2a811e',27.7,78,0,665,NULL,6.3,4,'Hà Nội','2026-03-02 14:27:04'),('c409d109-138a-4613-8361-35467b0c42b9',28,76,0,658,NULL,6.1,13.5,'Hà Nội','2026-03-01 15:17:59'),('c423cdf3-b78a-4b37-b853-7daf90ad0d00',23.4,98,0,456,NULL,6.2,4.3,'Hà Nội','2026-03-02 15:13:30'),('c46ef337-8c7c-48bf-b85b-f1b06ee0fdd0',23.3,96,0,0,NULL,6.4,8,'Hà Nội','2026-03-02 15:03:26'),('c4f99e0b-d56d-4603-a24c-6ea5fa482c47',32.2,66,0,525,NULL,6.3,10.3,'Hà Nội','2026-03-02 15:03:26'),('c58a6b97-d5f1-4408-8eeb-41a006449c90',23.9,95,0,0,NULL,6.3,11.6,'Hà Nội','2026-03-02 02:24:55'),('c59caf22-9b2a-479a-baee-f4b73b1e4709',23.1,97,0,0,NULL,6.2,4.7,'Hà Nội','2026-03-02 02:53:02'),('c5a02f11-60f9-46a6-ad48-4efb598f3e18',24.8,91,0,0,NULL,6.3,11.8,'Hà Nội','2026-03-02 15:11:02'),('c5a74581-e56c-4dd8-bdf2-346bc990c5b1',27.6,80,0,608,NULL,6.2,3.6,'Hà Nội','2026-03-01 15:17:47'),('c6010e01-17f3-490e-9125-fa8d6980786e',23.2,97,0,0,NULL,6,6,'Hà Nội','2026-03-02 06:32:02'),('c624ef40-fcdd-40f5-8954-dea61611c0c1',31.5,68,0,816,NULL,6.1,12,'Hà Nội','2026-03-01 15:34:18'),('c63210a9-fe98-466c-99c6-bec3d6ce76dc',31.5,68,0,928,NULL,6.2,12,'Hà Nội','2026-03-02 02:13:49'),('c6454d1e-5370-4a4f-8c6a-c55e48e716aa',26.2,85,0,0,NULL,6.2,16.3,'Hà Nội','2026-03-02 14:27:04'),('c64e24ae-669f-454e-bb7f-3f82d8d19a0b',30.4,63,0,661,NULL,6,14,'Hà Nội','2026-03-02 06:32:02'),('c65b929d-1a56-4016-a134-a8e43598b783',26.2,85,0,0,NULL,5.9,16.3,'Hà Nội','2026-03-02 15:08:38'),('c6e801e4-c860-4f32-9b45-fbe61f49833a',27.6,80,0,451,NULL,6.3,3.6,'Hà Nội','2026-03-02 15:03:26'),('c721d1c3-18b6-4e92-a939-aa8a76ba791b',28,76,0,479,NULL,6.2,13.5,'Hà Nội','2026-03-01 15:00:31'),('c75592a0-c88c-4bb4-a56d-0609cd6406a3',30.6,67,0,838,NULL,6.5,6.3,'Hà Nội','2026-03-01 15:17:47'),('c767defa-c9fd-4ec6-84b4-cbef6bb7866e',30.3,71,0,921,NULL,6.3,17.9,'Hà Nội','2026-03-02 15:22:16'),('c7682209-0e63-4697-acf8-ccb4d38a5a52',26.6,82,0,626,NULL,5.9,12.6,'Hà Nội','2026-03-01 15:21:18'),('c78365ae-829c-436b-a0e5-c51e0e6ae78f',25.3,88,0,694,NULL,6,3.7,'Hà Nội','2026-03-02 03:44:43'),('c79dc51c-a1cb-4398-acc3-e545af8b72a4',31.2,61,0,572,NULL,6.5,14.7,'Hà Nội','2026-03-01 15:17:59'),('c7d4ae0c-966f-4fc7-b42e-32ad31b7c3a0',26.2,85,0,0,NULL,6.4,16.3,'Hà Nội','2026-03-02 16:09:33'),('c7dbca79-da85-4c94-a765-f50bd0196d41',23.2,98,0,681,NULL,6.4,6.4,'Hà Nội','2026-03-01 15:17:47'),('c8126152-1906-4994-ab99-c585ab7c35ab',24.3,94,0,554,NULL,6.4,5.7,'Hà Nội','2026-03-02 02:24:55'),('c8f94827-2472-40a9-b6c3-d84f5c0d9c49',27.6,80,0,652,NULL,5.9,3.6,'Hà Nội','2026-03-01 14:06:08'),('c905712e-1a8e-4c5b-a37d-76954c4545fa',23.2,97,0,0,NULL,6.1,7.7,'Hà Nội','2026-03-01 15:10:08'),('c9696645-7587-4126-b4d8-5be75b20fb2e',24.2,92,0,0,NULL,6.2,12.5,'Hà Nội','2026-03-02 07:06:33'),('c99b6e1d-30ab-4072-b057-daf3e4185709',23.6,95,0,0,NULL,6.3,10.9,'Hà Nội','2026-03-02 02:13:49'),('c9a33755-8fc4-41ec-9680-7c5124ba7d95',26.2,85,0,0,NULL,6.3,16.3,'Hà Nội','2026-03-02 03:44:43'),('c9bb8cf5-90ec-4069-af69-0ee247f7168b',23.4,96,0,0,NULL,6.3,10.4,'Hà Nội','2026-03-01 14:05:52'),('c9c4b2ea-cc12-4c49-ac8f-dfde57b788bd',24,94,0,406,NULL,6.4,5.6,'Hà Nội','2026-03-02 14:27:04'),('c9da1ed4-98a5-4280-8246-a7c0b89df588',26.9,83,0,0,NULL,5.9,13.9,'Hà Nội','2026-03-02 07:06:33'),('c9e92663-03c0-4210-8f62-583ee94e2589',28.7,75,0,0,NULL,5.9,14,'Hà Nội','2026-03-01 15:00:31'),('c9fc419d-e220-4a1c-b472-1a6d94c561c1',23.4,98,0,464,NULL,6.2,4.3,'Hà Nội','2026-03-02 16:09:33'),('ca8ad194-5b10-41ce-a59a-107b106fb315',31.4,59,0,512,NULL,6.3,9.8,'Hà Nội','2026-03-02 16:09:33'),('caa81335-92bc-4492-a939-e48b78b18b61',32.2,66,0,514,NULL,6,10.3,'Hà Nội','2026-03-02 06:32:02'),('cacb94fb-dcce-4773-ba1c-2addafee6ab1',30.3,71,0,969,NULL,6.3,17.9,'Hà Nội','2026-03-01 15:00:31'),('cacf68ac-4eda-4642-9c9b-ec0702246049',25.3,88,0,0,NULL,6.5,13.8,'Hà Nội','2026-03-02 15:13:30'),('cb298133-4f0d-415a-af1c-4956c2bffcc3',30.6,67,0,874,NULL,6.3,6.3,'Hà Nội','2026-03-02 15:22:16'),('cb2f877c-95cf-42e3-8bfe-3b55182e1acf',32.3,64,0,694,NULL,6.2,7.8,'Hà Nội','2026-03-01 15:17:59'),('cb3dc9e7-2074-45dc-b01e-45ba8aec3a3b',29.3,69,0,555,NULL,6.5,13.1,'Hà Nội','2026-03-01 15:17:47'),('cb4ba641-171a-4981-a979-c1226cd22a0f',23.2,98,0,0,NULL,6,8.8,'Hà Nội','2026-03-01 15:00:31'),('cb55dd64-ccf1-4f66-b21e-a552bc5c932c',23.1,97,0,0,NULL,6.3,4.7,'Hà Nội','2026-03-02 02:13:49'),('cb9be41c-6d40-41a3-9297-bbaf95c22813',24.2,92,0,0,NULL,6,11.7,'Hà Nội','2026-03-02 02:24:55'),('cba284fe-15d2-4255-bb7e-643126fe9364',23.3,96,0,0,NULL,6,8,'Hà Nội','2026-03-02 12:38:20'),('cbb9cdad-c459-4bb8-94c5-43ab3b73decc',30.9,60,0,503,NULL,6,15.6,'Hà Nội','2026-03-01 14:05:59'),('cbc4a948-bfa7-4ec8-b9b0-e4481093e0b4',27.7,81,0,0,NULL,6.4,14.8,'Hà Nội','2026-03-01 14:06:13'),('cbcd3a89-afd8-452f-a041-c41bb7962511',26.2,83,0,600,NULL,6,0.4,'Hà Nội','2026-03-02 15:11:02'),('cc42e002-c932-4960-bcbd-08e9e0234197',23.5,95,0,0,NULL,5.9,9.7,'Hà Nội','2026-03-02 12:38:07'),('cc86bac9-8816-43e0-bdc7-f4289ad20d6a',30.4,65,0,929,NULL,6.4,6.9,'Hà Nội','2026-03-02 12:38:25'),('cca894c0-ee76-477e-b11f-15ec9f128302',32.3,64,0,541,NULL,6.3,7.8,'Hà Nội','2026-03-01 14:10:55'),('ccd24df9-ea4b-4634-a0db-246012e0b9e7',28.6,73,0,0,NULL,6,13.7,'Hà Nội','2026-03-02 04:39:04'),('cceb31a1-c0c5-46b0-9bc2-67259b2f4b5d',24.5,91,0,0,NULL,6.4,12,'Hà Nội','2026-03-02 07:06:33'),('ccf249f3-0713-41a5-af97-e8e0358f3301',23,97,0,455,NULL,6.4,5.4,'Hà Nội','2026-03-02 12:38:09'),('cd5b248c-e460-403c-bf4b-831078093fa4',30.6,67,0,941,NULL,5.9,6.3,'Hà Nội','2026-03-02 02:13:49'),('cddd05a5-025b-4e50-8ba5-c31d3c7632f8',31.2,61,0,566,NULL,5.9,14.7,'Hà Nội','2026-03-01 15:10:08'),('ce04ee8e-160f-482e-8392-3e16f8e9ff53',23.4,96,0,458,NULL,6.3,4.3,'Hà Nội','2026-03-02 15:08:38'),('ce563de9-f5b9-4c6c-9942-bb48b7eda0b4',23.4,96,0,0,NULL,6.4,9.7,'Hà Nội','2026-03-02 15:11:02'),('ce82fa82-0f3c-423c-bb48-84c8f9d65353',23,97,0,455,NULL,6.2,5.4,'Hà Nội','2026-03-01 15:00:31'),('cefa4141-2881-420f-a2c5-09772aab5e42',24.7,91,0,0,NULL,6.2,12.3,'Hà Nội','2026-03-02 09:28:55'),('cf052978-7366-4ef0-b1c0-af1cb9680337',30.4,64,0,456,NULL,6,13.6,'Hà Nội','2026-03-01 15:10:08'),('cf1cca8e-1ca9-4406-8840-bc4281c9d1bc',23.3,97,0,0,NULL,6,9.4,'Hà Nội','2026-03-01 14:10:55'),('cf3da4bb-6658-4552-b551-f627ba464d78',31.9,63,0,849,NULL,5.9,4.2,'Hà Nội','2026-03-02 15:13:30'),('cfc682f1-7ead-461e-ae8e-cdd70eada393',24.6,93,0,0,NULL,5.9,10.5,'Hà Nội','2026-03-01 15:17:47'),('d009928d-3d73-4125-84fc-8abdebdc49a5',23.4,96,0,0,NULL,6.4,9.7,'Hà Nội','2026-03-02 15:08:38'),('d052561a-918c-4a2b-a136-ca5db08215bf',31.3,61,0,995,NULL,6.2,8.7,'Hà Nội','2026-03-02 12:38:26'),('d070ba21-2046-4e5d-8d95-f23a4e83e9c9',25.1,89,0,677,NULL,6.3,10.8,'Hà Nội','2026-03-01 14:05:56'),('d093025f-410b-490d-99f6-408282b01c51',23.9,94,0,0,NULL,6.3,12.2,'Hà Nội','2026-03-02 03:44:43'),('d0c00353-c489-4365-baf7-00030fb2bc06',23.3,96,0,0,NULL,6.3,8,'Hà Nội','2026-03-02 09:28:55'),('d116a874-2423-4ff2-84a6-1343ad71112f',23,97,0,592,NULL,6.3,5.4,'Hà Nội','2026-03-02 02:52:16'),('d18b1a9f-9c93-498a-9a02-d45eabaa4c1e',26.3,87,0,542,NULL,6.4,3.4,'Hà Nội','2026-03-02 16:09:33'),('d1a892c5-2f7c-4c4e-89a0-14be950d3a5e',30.8,60,0,571,NULL,6.4,16.6,'Hà Nội','2026-03-01 15:17:59'),('d1bbd33f-e2e1-420d-93b9-252485a9d348',23.3,97,0,0,NULL,6.4,9.4,'Hà Nội','2026-03-01 14:05:52'),('d1bd73a4-be9e-4da4-ae2a-0ef59a57c7d9',23.4,98,0,680,NULL,6.3,4.3,'Hà Nội','2026-03-02 12:38:10'),('d1c7cb52-ee37-43cf-a6b1-72f729002693',28.7,75,0,0,NULL,6.5,14,'Hà Nội','2026-03-01 15:17:59'),('d1d8cec0-319e-4d9e-8766-585a13bcafc8',24.3,94,0,574,NULL,6.2,5.7,'Hà Nội','2026-03-02 15:11:02'),('d1dcb38f-497b-4544-b932-3356017cbf42',24.3,93,0,0,NULL,6.2,11.3,'Hà Nội','2026-03-02 15:11:02'),('d1df767d-28c6-4678-a113-2e0967ebc3c0',24.7,91,0,0,NULL,6.2,12.3,'Hà Nội','2026-03-02 02:53:02'),('d27f2e32-9f04-4d18-93a9-5131d1082262',30.3,71,0,991,NULL,6.4,17.9,'Hà Nội','2026-03-02 14:27:04'),('d2833d06-1fe3-49b0-8845-ba06b76c6bfb',29.2,69,0,0,NULL,6,12.8,'Hà Nội','2026-03-02 15:11:02'),('d2a74a85-fa2c-432f-a0a0-082838050faf',32.2,66,0,572,NULL,6.4,10.3,'Hà Nội','2026-03-02 15:13:30'),('d2cd7ede-d1bb-4fa8-be07-3a27b832046f',32.2,66,0,428,NULL,6.1,10.3,'Hà Nội','2026-03-01 15:34:18'),('d322e256-f33f-4b90-b655-3ecec7a1cec6',23.9,95,0,0,NULL,6.3,11.6,'Hà Nội','2026-03-02 07:06:33'),('d3264b5c-2e7b-4b93-8a52-a6b5f4372048',23.3,97,0,0,NULL,6.1,9.4,'Hà Nội','2026-03-01 15:17:59'),('d37732d2-59e6-4616-ac66-0a1f47d689b6',23.9,95,0,667,NULL,6.2,10,'Hà Nội','2026-03-01 15:34:18'),('d3b17701-32ec-4dfb-add5-95b199ac715a',24.8,91,0,0,NULL,6.3,11.8,'Hà Nội','2026-03-02 15:03:26'),('d3b1e785-5d27-4048-8e8e-54b5fc85ae97',23.9,95,0,0,NULL,6.4,11.6,'Hà Nội','2026-03-02 15:03:26'),('d3b53b6f-ad65-4b03-8200-13f7039fd917',29.8,64,0,506,NULL,6,16.9,'Hà Nội','2026-03-01 14:10:55'),('d3b7814a-8596-49e1-bba5-684366738fc3',23.9,95,0,0,NULL,6.2,11.6,'Hà Nội','2026-03-01 15:10:08'),('d3c4a02b-972d-4e01-9aaf-dcd3c7ed51dd',30.3,71,0,856,NULL,6.1,17.9,'Hà Nội','2026-03-02 02:13:49'),('d4116c78-93ab-424c-8686-6f91013670d4',31.9,63,0,813,NULL,6.3,4.2,'Hà Nội','2026-03-01 15:34:18'),('d54f4580-e9da-4d45-9488-77a3e1e50c46',24.5,94,0,0,NULL,6.1,11.6,'Hà Nội','2026-03-02 16:20:15'),('d5a45021-d67d-4d87-bd17-e27d7a0911d8',30.8,61,0,602,NULL,6.1,10.9,'Hà Nội','2026-03-02 12:38:27'),('d5f0b802-201a-4484-a777-d470268e4572',30.8,60,0,530,NULL,6,16.6,'Hà Nội','2026-03-01 14:06:00'),('d60dd02b-0e7f-49c5-b302-1f1f2d632fbe',23.1,97,0,540,NULL,6.3,6.3,'Hà Nội','2026-03-02 04:39:04'),('d6247c4b-8252-4269-be7d-64dda7f94c5e',23.9,94,0,0,NULL,6,12.2,'Hà Nội','2026-03-02 15:03:26'),('d65d64cd-10ef-4a88-9047-86c1f2f5869f',24.5,94,0,0,NULL,6.4,11.6,'Hà Nội','2026-03-02 16:09:33'),('d66e89dc-a2ab-414a-8341-1c953d6c93dd',24.3,93,0,0,NULL,6.4,11.3,'Hà Nội','2026-03-02 14:27:04'),('d679d650-5bff-4361-8591-567b9f06ea71',26.3,87,0,656,NULL,5.9,3.4,'Hà Nội','2026-03-02 15:11:02'),('d6920002-e7a0-47d7-845b-db1bd96ed2d3',26.3,87,0,653,NULL,5.9,3.4,'Hà Nội','2026-03-02 02:53:02'),('d696c5be-fd99-4f29-94b3-5391c28aca13',23.1,97,0,0,NULL,6.3,6.2,'Hà Nội','2026-03-02 09:28:55'),('d6b6d7bc-88f1-446e-b5f1-6295d138a370',23.1,97,0,622,NULL,6.4,6.3,'Hà Nội','2026-03-02 02:13:49'),('d737a2d0-f669-4de6-b0e3-b13596c1c734',23.4,96,0,514,NULL,6.4,4.3,'Hà Nội','2026-03-02 06:32:02'),('d76c5fd8-8922-481a-980a-56f8c5d42c22',31.6,60,0,938,NULL,6.3,10.6,'Hà Nội','2026-03-02 15:22:16'),('d76d1c41-6afd-4796-acfa-4f5c7270ae67',31.4,60,0,962,NULL,6.3,11.2,'Hà Nội','2026-03-02 07:06:33'),('d7770f45-a057-4441-b94a-ba29259d07e5',30.8,61,0,436,NULL,6.4,10.9,'Hà Nội','2026-03-02 16:09:33'),('d7a42b31-fb1e-4052-9005-99b219770f8e',23.4,98,0,521,NULL,6.2,4.3,'Hà Nội','2026-03-01 14:06:07'),('d7dba64c-ceaa-4bff-8fc7-5d6836384c54',30.6,64,0,564,NULL,5.9,8.4,'Hà Nội','2026-03-02 02:53:02'),('d8431657-72bf-421c-86fa-5f0193dfc5f3',23,97,0,579,NULL,6.3,5.4,'Hà Nội','2026-03-02 15:13:30'),('d875c007-a255-42f1-bccd-1482c705152d',25.3,89,0,617,NULL,5.9,2.2,'Hà Nội','2026-03-02 15:13:30'),('d884f5ff-2554-484e-9d11-fb512e801e76',26.2,83,0,619,NULL,6.1,0.4,'Hà Nội','2026-03-02 16:20:15'),('d8ba3dfa-b75b-4b5b-bfa6-a38cfc4293c5',23.6,95,0,0,NULL,6.2,10.9,'Hà Nội','2026-03-02 06:32:02'),('d8c4d670-21a7-43c1-9bff-acdf642f361c',26.2,85,0,0,NULL,6.4,16.3,'Hà Nội','2026-03-02 02:13:49'),('d8d65b6d-f8b3-4c8b-b0aa-59810bd7e982',31.6,60,0,910,NULL,6.3,10.6,'Hà Nội','2026-03-02 15:03:26'),('d8f033ca-fe9c-46ac-b4aa-5e0e41d0e2ef',23.1,97,0,460,NULL,6.4,6.3,'Hà Nội','2026-03-02 16:20:15'),('d9591738-6155-45f4-957a-6807d83d9d6c',32.2,66,0,520,NULL,6.3,10.3,'Hà Nội','2026-03-02 16:09:33'),('d968f9d5-590b-4040-ad92-91db46bf00bc',32.3,64,0,677,NULL,6.4,7.8,'Hà Nội','2026-03-02 02:24:55'),('d9a4535e-3435-477f-8d3d-64562d5d5f9e',31.5,68,0,868,NULL,6.4,12,'Hà Nội','2026-03-02 14:27:04'),('d9acc0d2-d098-4092-a3a3-b2af5da31fcd',27.6,80,0,500,NULL,6,3.6,'Hà Nội','2026-03-02 16:09:33'),('da042ce1-3616-4727-99ee-550d23498bbc',23.3,96,0,0,NULL,5.9,7.9,'Hà Nội','2026-03-02 02:24:55'),('da2669dd-d5ab-42ef-91b3-88c92741c674',30.4,64,0,443,NULL,6.2,13.6,'Hà Nội','2026-03-01 15:34:18'),('da31ddf8-b597-4d62-bf99-99ec96cfbe40',23.8,95,0,0,NULL,6.2,10.1,'Hà Nội','2026-03-02 15:13:30'),('da5238e8-020d-4bf9-93b6-918e0e41b0eb',23,97,0,645,NULL,6.4,5.4,'Hà Nội','2026-03-02 02:24:55'),('da560364-6414-4765-8dd4-1a6b25213b10',28.7,75,0,0,NULL,6.2,14,'Hà Nội','2026-03-02 15:22:16'),('da83be2b-9c24-48a4-97ee-6d4bef3b7655',23.4,96,0,0,NULL,6.1,9.7,'Hà Nội','2026-03-02 16:09:33'),('da979aa7-5e3e-4c28-bf12-b9f8c37ad283',24.2,92,0,0,NULL,5.9,12.5,'Hà Nội','2026-03-02 15:03:26'),('dae9069c-604b-4667-82a2-fdb189e437b6',23.6,95,0,0,NULL,6.1,10.9,'Hà Nội','2026-03-02 16:20:15'),('db2bcef3-b4ae-4194-b66b-e85cf103f4d8',23.2,97,0,0,NULL,6.4,6,'Hà Nội','2026-03-02 04:39:03'),('db79ea21-89fa-443c-857e-6dcd7da44d27',23.6,95,0,0,NULL,6.4,10.9,'Hà Nội','2026-03-02 02:53:02'),('dbc4dc9f-745d-4df6-a7a2-cb825658cc47',25.5,87,0,0,NULL,6,15.1,'Hà Nội','2026-03-02 02:53:02'),('dc568cbe-8138-4381-bcba-e1d6208693f4',32.2,66,0,678,NULL,6.1,10.3,'Hà Nội','2026-03-01 15:17:47'),('dc5c7433-90ca-49ea-b51a-7a57644a3137',26.8,81,0,600,NULL,6.2,4.1,'Hà Nội','2026-03-02 02:53:02'),('dc9243f3-0664-4c87-9067-4a4086154923',23.1,97,0,0,NULL,6.2,7.4,'Hà Nội','2026-03-02 16:20:15'),('dc937171-5557-4689-8e61-2f63b759190b',23.4,98,0,417,NULL,6,4.3,'Hà Nội','2026-03-02 03:44:43'),('dcbc374f-29b9-4e8c-9435-4ae0eb586dad',24.2,92,0,0,NULL,6.2,12.5,'Hà Nội','2026-03-02 16:09:33'),('dcc37f8d-008b-45f2-a09e-e667b1dd5a78',31.5,68,0,866,NULL,6.1,12,'Hà Nội','2026-03-01 15:00:31'),('dd5d340f-4ae3-4cd3-ad5e-28ffa3809277',32.2,66,0,525,NULL,6.3,10.3,'Hà Nội','2026-03-02 15:11:02'),('de01a7b4-b86d-4dba-8191-60d13657ee0c',23.4,96,0,0,NULL,6.3,9.7,'Hà Nội','2026-03-02 07:06:33'),('de0ec143-a676-439a-8453-9678ecafac78',28,76,0,548,NULL,6.1,13.5,'Hà Nội','2026-03-01 15:34:18'),('defd0ed7-53c2-4db6-a65f-06fde43679d0',26.3,87,0,573,NULL,6.3,3.4,'Hà Nội','2026-03-01 15:17:59'),('df62db20-dd62-4e62-ac10-4317235a41ad',30.4,65,0,842,NULL,6.4,6.9,'Hà Nội','2026-03-02 15:08:38'),('df87282f-3f69-48cf-971a-776287475abb',24.3,94,0,678,NULL,6.4,5.7,'Hà Nội','2026-03-02 15:13:30'),('dfa6c7c5-9b0a-4ba8-b6c7-525e5bc94aac',27.7,78,0,541,NULL,6.1,4,'Hà Nội','2026-03-02 15:11:02'),('dfab8b2f-5526-4124-adaf-13f37407c8ba',27.6,80,0,414,NULL,6.3,3.6,'Hà Nội','2026-03-02 16:20:15'),('dfb83648-4827-4b10-85bb-17c8f9618c21',26.5,84,0,0,NULL,6,14.3,'Hà Nội','2026-03-01 15:00:31'),('e032eaa1-d661-449b-8923-ebce7073f0cf',31.3,60,0,857,NULL,6.2,9.3,'Hà Nội','2026-03-02 02:53:02'),('e0a9aa23-b736-43ed-a1e4-9fac04d636b1',25.3,88,0,0,NULL,6.1,13.8,'Hà Nội','2026-03-02 15:03:26'),('e0ebcced-f2b4-48fb-b2e1-90380b24b47d',23.5,95,0,0,NULL,6.2,9.7,'Hà Nội','2026-03-01 14:10:55'),('e12581ac-865e-432a-a33d-fa73cc0a786f',25.3,88,0,0,NULL,6.4,13.8,'Hà Nội','2026-03-02 09:28:55'),('e135745b-253e-41e0-bc66-85e0de36f5c4',24.6,93,0,0,NULL,5.9,10.5,'Hà Nội','2026-03-01 15:17:59'),('e17852e3-0be7-4996-a498-cd3d10b0d6d1',23.2,98,0,0,NULL,6.5,8.8,'Hà Nội','2026-03-01 15:17:47'),('e19f5735-167c-48d0-afcf-eb38dced40ca',24.8,91,0,0,NULL,6.3,11.8,'Hà Nội','2026-03-02 15:08:38'),('e1e06ecd-80a4-4292-aa28-ba4d9641797b',26.3,87,0,592,NULL,6.1,3.4,'Hà Nội','2026-03-01 15:00:31'),('e1fdb15b-ae25-4c96-9784-0c7568a172b1',24.8,91,0,0,NULL,6,11.8,'Hà Nội','2026-03-02 12:38:30'),('e2242e3c-bac9-4188-a06a-cb7c2cd2fbc2',24.3,94,0,569,NULL,6,5.7,'Hà Nội','2026-03-02 09:28:55'),('e3673b69-1ee2-4537-8632-c66ddfd9f0a0',23.3,96,0,0,NULL,6,8,'Hà Nội','2026-03-02 16:09:33'),('e3759e4d-79fd-4022-a4a2-6561a2dae63e',30.4,65,0,811,NULL,6.3,7.4,'Hà Nội','2026-03-02 04:39:04'),('e3931af2-913c-49f9-8669-e2fb7c85c66e',23.9,94,0,653,NULL,6.3,7.2,'Hà Nội','2026-03-02 02:24:55'),('e3cf0873-d67d-4229-adb2-839031ac600c',23.5,95,0,0,NULL,6.1,9.7,'Hà Nội','2026-03-02 02:53:02'),('e41e4084-e80b-41d9-ba27-c705f176b422',29.9,66,0,567,NULL,6,14,'Hà Nội','2026-03-02 02:24:55'),('e43c82ae-a6f6-4535-9c41-dd9b9850077d',31.6,58,0,883,NULL,6.1,11.7,'Hà Nội','2026-03-02 02:13:49'),('e43e989e-7e77-4df8-bf4a-f16a2825a3b3',31.3,61,0,977,NULL,6.1,8.7,'Hà Nội','2026-03-02 15:22:16'),('e4869857-1fe5-4e6e-a9f4-3e600e820f47',23.9,94,0,644,NULL,6,7.2,'Hà Nội','2026-03-02 03:44:43'),('e49bfb2c-9749-4fb7-b2f1-adb3951fdaeb',32.2,66,0,585,NULL,6.2,10.3,'Hà Nội','2026-03-02 02:13:49'),('e4a88471-26c2-474f-950f-c72ecd115754',26.6,82,0,493,NULL,6.1,12.6,'Hà Nội','2026-03-01 15:10:08'),('e4a95b74-bd77-400c-a15a-98938881303c',27.6,80,0,681,NULL,6.3,3.6,'Hà Nội','2026-03-02 02:53:02'),('e4c31caa-aeea-4845-92a7-ef14ef95f16c',29.2,73,0,429,NULL,6.1,5.1,'Hà Nội','2026-03-02 02:13:49'),('e4cb968f-e6d4-46b4-8a81-be606ac2bbab',30.8,61,0,499,NULL,6.1,10.9,'Hà Nội','2026-03-02 16:20:15'),('e509ed41-8cf8-41a4-8d41-e37f96c12d90',25.1,89,0,0,NULL,6.4,13.5,'Hà Nội','2026-03-01 15:17:59'),('e549c468-ce2b-40c6-88f4-0170fa27d003',29.1,71,0,416,NULL,6.2,6,'Hà Nội','2026-03-02 07:06:33'),('e587cf73-0d1c-4894-b97a-422c8b17e424',24.3,94,0,420,NULL,5.9,5.7,'Hà Nội','2026-03-01 15:00:31'),('e5b0ef81-e152-49f8-b5b8-d599493cfb7d',23.3,97,0,576,NULL,6.2,5.7,'Hà Nội','2026-03-02 02:52:16'),('e5d934db-2954-4cb5-8386-81708052fd7a',27.5,80,0,0,NULL,6.4,17.4,'Hà Nội','2026-03-02 07:06:33'),('e5df253f-ddc5-4367-b376-420b978bfff6',25.3,89,0,0,NULL,5.9,13.1,'Hà Nội','2026-03-02 15:13:30'),('e60d63e3-be5c-41cd-93e7-917481e7923d',28.7,75,0,0,NULL,6.1,14,'Hà Nội','2026-03-02 16:20:15'),('e618fb4b-76ae-48c8-9083-be87862b671c',23.3,96,0,0,NULL,6.4,7.9,'Hà Nội','2026-03-02 15:13:30'),('e6ce73db-4afe-445d-9811-2cb9c5e65c96',23.2,97,0,0,NULL,6.4,8.8,'Hà Nội','2026-03-01 14:10:55'),('e793bc95-6bda-483a-adb3-45576b4a97db',30.9,60,0,608,NULL,6.2,15.6,'Hà Nội','2026-03-01 15:00:31'),('e7f0a876-0c37-4004-9989-2900b22e6cf8',23.3,97,0,456,NULL,6.3,5.7,'Hà Nội','2026-03-02 02:24:55'),('e83830cb-e6a6-4df7-8f88-9e19ecd01e2a',30.8,60,0,571,NULL,6.4,16.6,'Hà Nội','2026-03-01 15:17:47'),('e83f2dff-dda9-4d80-be7d-124ab49a00fc',30.3,71,0,938,NULL,5.9,17.9,'Hà Nội','2026-03-02 16:20:15'),('e8642496-682c-4d76-8f51-78ebe796f65a',25.3,88,0,0,NULL,6.1,13.8,'Hà Nội','2026-03-02 12:38:17'),('e8bb6849-fe42-4ceb-88df-0c6a6354b8fa',23.2,97,0,0,NULL,5.9,8.8,'Hà Nội','2026-03-01 15:00:31'),('e8e2cb30-60c3-42d4-8642-c3f61d866f7b',23.4,96,0,0,NULL,6.3,9.7,'Hà Nội','2026-03-02 06:32:02'),('e9500d84-3024-4b71-a877-30e997b3aebe',23.2,97,0,0,NULL,6.3,6,'Hà Nội','2026-03-02 09:28:55'),('e964a7b4-6e26-4c8e-bac4-b2572bd6c187',23.6,95,0,0,NULL,6.1,10.9,'Hà Nội','2026-03-02 15:13:30'),('e997b503-5abe-4055-8d36-ba6beacb22ef',23,97,0,402,NULL,6,5.4,'Hà Nội','2026-03-01 15:34:18'),('e9f94112-32f6-489f-bee4-a36fb2b2dc69',28.7,75,0,0,NULL,6.2,14,'Hà Nội','2026-03-02 07:06:33'),('ea78eaac-6815-4e12-822c-9520499dfd98',24.7,91,0,0,NULL,6.1,12.3,'Hà Nội','2026-03-02 15:22:16'),('eac64bb6-8243-43a3-9fee-eb53c3491348',25.3,89,0,0,NULL,6.3,13.1,'Hà Nội','2026-03-02 14:27:04'),('eb636628-7f4c-4cbd-8325-6bfdabe9d61b',31.6,58,0,884,NULL,5.9,11.7,'Hà Nội','2026-03-02 02:53:02'),('eb824492-92c8-4da3-ad27-739f0ab54ca1',23.4,96,0,0,NULL,6.3,9.7,'Hà Nội','2026-03-02 02:52:16'),('ebb0db2a-6307-4d34-9678-f624d2c84f78',30.4,65,0,953,NULL,6.1,6.9,'Hà Nội','2026-03-02 16:09:33'),('ebbe79e6-c30b-4976-8eba-f8d2ca82b283',26.2,86,0,0,NULL,6.2,13.3,'Hà Nội','2026-03-02 15:03:26'),('ebf22e0c-7765-4da2-a107-37dae39bc640',26.3,87,0,573,NULL,6.3,3.4,'Hà Nội','2026-03-01 15:21:19'),('ec37afcf-ebeb-4a34-b58e-e59e61651c13',23.2,97,0,689,NULL,6.2,6.6,'Hà Nội','2026-03-01 15:17:47'),('ec3c3535-8b32-4288-b4f9-62078adc2b4f',24.1,95,0,0,NULL,6.3,12.6,'Hà Nội','2026-03-01 14:06:03'),('ec5b4758-4d57-4fc0-b8bf-05abd6a22966',23.8,95,0,0,NULL,6.1,10.1,'Hà Nội','2026-03-02 16:20:15'),('ecbea03c-cbf8-47c2-8928-4b0c717ca64d',26.5,84,0,0,NULL,6.4,14.3,'Hà Nội','2026-03-01 15:21:19'),('eccdecaf-997f-4b70-9de2-70ba45eab2ac',23.4,96,0,0,NULL,6,9.7,'Hà Nội','2026-03-02 15:13:30'),('ed26da39-7619-4447-afca-c5e962e4d5b3',31.4,59,0,445,NULL,6.4,9.8,'Hà Nội','2026-03-02 14:27:04'),('ed56e188-7d0c-45a1-b797-b586c9d45d8d',27.3,83,0,0,NULL,6.5,12.7,'Hà Nội','2026-03-02 16:20:15'),('ede88eb2-3e09-41d0-a9de-78084f28cfb6',30.8,61,0,477,NULL,6,10.9,'Hà Nội','2026-03-02 15:08:38'),('ee2bbad6-cd80-405a-b723-118b536a5ca4',29.3,69,0,507,NULL,6.1,13.1,'Hà Nội','2026-03-01 15:34:18'),('ee3e5e69-edbd-4470-9aa7-037dee42f12a',23.1,97,0,639,NULL,6.1,6.3,'Hà Nội','2026-03-02 15:08:38'),('eec6d01c-56c8-41fa-ab14-a85cc4be1353',26.3,87,0,519,NULL,6.2,3.4,'Hà Nội','2026-03-02 06:32:02'),('eeca1470-43bd-4a94-bc53-8afb3fe13e37',23,97,0,589,NULL,6.2,5.4,'Hà Nội','2026-03-01 14:10:55'),('eedcb780-f328-4aef-9548-07b1583d0b0c',25.3,89,0,491,NULL,6.4,2.2,'Hà Nội','2026-03-02 15:08:38'),('eef0d59d-e28f-4bcf-adc2-bd99b79022ca',27.3,83,0,0,NULL,6.4,12.7,'Hà Nội','2026-03-02 16:09:33'),('eeff26dc-311e-428a-89ce-6e54f8141bbf',32.2,66,0,484,NULL,6.1,10.3,'Hà Nội','2026-03-02 09:28:55'),('ef26b391-247d-4c65-84a3-339b5d47d2b2',23.8,95,0,0,NULL,6.4,10.1,'Hà Nội','2026-03-01 14:10:55'),('ef567f64-2afc-429b-a44b-6d322d235131',23.1,97,0,0,NULL,6.5,7.4,'Hà Nội','2026-03-02 15:03:26'),('eff4004b-b7fd-4e94-ac5f-fc01860611ba',26.3,87,0,667,NULL,6.1,3.4,'Hà Nội','2026-03-01 14:06:08'),('f0acdf33-8a3b-48cc-b14f-ada390d441ae',23,97,0,699,NULL,6.2,5.4,'Hà Nội','2026-03-02 15:08:37'),('f0eec25a-f308-41e5-a5f1-137ad83ed53f',25.6,89,0,0,NULL,6.1,15.5,'Hà Nội','2026-03-01 14:06:02'),('f17418a5-7d15-47bf-902d-0801413a5b36',27.7,81,0,0,NULL,6,14.8,'Hà Nội','2026-03-01 15:34:18'),('f1937781-d559-4657-9e91-32b924dafa48',23.4,96,0,0,NULL,6,9.7,'Hà Nội','2026-03-02 04:39:03'),('f1ab94b6-5e9c-4556-a23d-433cd770cd2f',25.3,89,0,699,NULL,6.3,2.2,'Hà Nội','2026-03-02 07:06:33'),('f1bbf5d5-fb79-4afa-bdf0-37331ddfdf14',23.9,95,0,610,NULL,5.9,10,'Hà Nội','2026-03-01 14:05:55'),('f220a731-3f88-4e99-9e7f-df9f50c60bc4',30.3,71,0,934,NULL,6.5,17.9,'Hà Nội','2026-03-02 02:52:16'),('f2431ac0-b6a5-4e83-afe1-7e7939222e5e',23.4,98,0,419,NULL,6.2,4.3,'Hà Nội','2026-03-02 15:08:37'),('f24d0ffa-0784-4b78-9a35-9182bd221eec',23.4,96,0,0,NULL,6,9.7,'Hà Nội','2026-03-02 02:13:49'),('f27eae7d-d122-44ef-b178-61816a5dd60a',27.8,76,0,561,NULL,6,3.8,'Hà Nội','2026-03-02 02:52:16'),('f287e0f3-37c6-48e0-a673-fb9be685b907',29.2,73,0,517,NULL,6.4,5.1,'Hà Nội','2026-03-02 14:27:04'),('f2a9729c-2e54-41a7-9d16-b46032596c71',26.6,85,0,0,NULL,6,16.6,'Hà Nội','2026-03-01 15:17:47'),('f2d1ed5a-cde8-4af8-8bb0-f9522f629d90',24.6,90,0,0,NULL,6,13.6,'Hà Nội','2026-03-01 15:34:18'),('f308f784-eedd-4de5-b9f1-49807527a258',30.3,71,0,803,NULL,6,17.9,'Hà Nội','2026-03-01 15:34:18'),('f363491d-04b3-4af9-93a4-8f231321b632',23.1,97,0,0,NULL,5.9,7.4,'Hà Nội','2026-03-02 02:52:16'),('f37c4d3d-3644-436b-9126-4ac9508eb974',26.9,83,0,0,NULL,6,13.9,'Hà Nội','2026-03-02 04:39:04'),('f3c132b3-1b1e-4f94-bcc1-ad203ffbda4f',28.3,76,0,0,NULL,6.2,12.8,'Hà Nội','2026-03-02 02:13:49'),('f3e5adce-5bbf-4f54-bc7a-fc4ff4ba3366',23.1,97,0,650,NULL,6.2,6.3,'Hà Nội','2026-03-02 06:32:02'),('f417a5c6-fe41-4365-acc1-523df57cffa2',23.4,95,0,0,NULL,6.3,11.2,'Hà Nội','2026-03-01 15:10:08'),('f4ad2885-0a61-4ff9-8b3a-d42648ee64a4',23.5,95,0,0,NULL,6.1,9.7,'Hà Nội','2026-03-02 02:52:16'),('f4c7079a-1cc5-4b27-8c1b-14f0fc500d5f',25.1,89,0,569,NULL,6.1,10.8,'Hà Nội','2026-03-01 15:34:18'),('f4fbbdd8-c158-4893-973f-8e466374497a',30.4,64,0,613,NULL,6.1,13.6,'Hà Nội','2026-03-01 15:17:47'),('f508206a-295e-4112-a2c5-b19e9840583e',23.8,95,0,0,NULL,6.1,10.1,'Hà Nội','2026-03-01 15:21:19'),('f50df1e2-9b67-4c64-abca-9994272a7d89',25.1,89,0,0,NULL,5.9,13.5,'Hà Nội','2026-03-01 14:06:14'),('f530b478-03e2-42a1-a746-2f8b6d2625ed',24.7,91,0,0,NULL,6.2,12.3,'Hà Nội','2026-03-02 03:44:43'),('f54d75c9-97f1-4700-a93a-9b566ab5d7d9',23,97,0,586,NULL,6.3,5.4,'Hà Nội','2026-03-02 06:32:02'),('f54e463d-693e-4f89-9254-8c991a7b092d',26.3,87,0,404,NULL,6.3,3.4,'Hà Nội','2026-03-02 12:38:11'),('f57c475e-dc99-4bc7-a03f-6c0453128798',24.3,94,0,623,NULL,6.2,5.7,'Hà Nội','2026-03-01 15:17:47'),('f58a57f0-a71f-45b5-8ac0-3d298843d126',24.5,91,0,0,NULL,6.1,13.2,'Hà Nội','2026-03-02 02:52:16'),('f5a4b691-568d-44d6-a816-a7f55036ec8e',27.5,80,0,0,NULL,6.4,17.4,'Hà Nội','2026-03-02 03:44:43'),('f5b8283d-f6ae-4905-8400-225d1236d7ca',23.3,96,0,0,NULL,6,7.9,'Hà Nội','2026-03-01 15:17:47'),('f5c1b6e5-cd92-4eeb-bed0-a37e286396cc',24.3,94,0,432,NULL,6.1,5.7,'Hà Nội','2026-03-02 02:52:16'),('f611af98-20f1-4d37-9fb7-126371f7f2c9',31.4,60,0,818,NULL,6.3,11.2,'Hà Nội','2026-03-02 06:32:02'),('f63a0605-75ca-4881-9232-ec5521bea413',32.2,66,0,585,NULL,6.2,10.3,'Hà Nội','2026-03-02 02:24:55'),('f63bef0e-785d-42c4-998b-d0b24822f4d3',28.7,75,0,0,NULL,6.4,14,'Hà Nội','2026-03-02 02:13:49'),('f77c1732-5ecb-4c25-8491-c160b937b82d',30.4,65,0,971,NULL,6,6.9,'Hà Nội','2026-03-02 14:27:04'),('f79f0a18-e2e6-4110-b7fc-1af42e3c3b71',24.6,90,0,0,NULL,6.2,13.6,'Hà Nội','2026-03-01 15:17:47'),('f7a739a6-e3c4-400c-94d9-8861e609caab',25.6,87,0,0,NULL,6.4,14,'Hà Nội','2026-03-01 15:00:31'),('f7d8982c-248a-42ef-9e62-c54a8c5b0dd7',23.1,97,0,672,NULL,6,6.3,'Hà Nội','2026-03-02 16:09:33'),('f82bdfef-2d55-48c0-88b7-6a0a719c3896',24.6,90,0,0,NULL,6.3,13.6,'Hà Nội','2026-03-01 15:00:31'),('f847e909-1510-401a-a149-6d98dfe61194',23.9,94,0,0,NULL,6,12.2,'Hà Nội','2026-03-02 04:39:03'),('f884d922-fd63-48a7-99c8-83058ad59470',23.2,97,0,0,NULL,6.3,6,'Hà Nội','2026-03-02 16:09:33'),('f8fc6cbb-dd1e-4621-bd51-8ffdd01588b5',30.6,64,0,675,NULL,6,8.4,'Hà Nội','2026-03-02 03:44:43'),('f976384c-0045-42ad-abc1-0ec200c8bc0e',23.4,98,0,456,NULL,6.2,4.3,'Hà Nội','2026-03-02 15:22:16'),('f9c6bca2-2b1b-469d-8da2-f72c8c60705c',24.2,92,0,0,NULL,6.1,11.7,'Hà Nội','2026-03-02 02:52:16'),('f9c8e35b-aceb-4291-9d32-a9b4d07bb4ed',26.5,84,0,0,NULL,6.4,14.3,'Hà Nội','2026-03-01 14:06:13'),('f9d13e64-058f-413f-a1fd-e7077417b9f0',23,97,0,527,NULL,5.9,5.4,'Hà Nội','2026-03-02 09:28:55'),('fa42694d-291d-4577-a6ec-23cd5e86c526',26.6,82,0,626,NULL,5.9,12.6,'Hà Nội','2026-03-01 15:17:59'),('fad661ec-c802-494d-ab84-4e54238620bc',23.8,95,0,0,NULL,6.3,10.1,'Hà Nội','2026-03-02 06:32:02'),('fad8e5b0-f935-489d-9fa9-5e17dd4dd29b',24.7,91,0,0,NULL,6.1,12.3,'Hà Nội','2026-03-02 14:27:04'),('fb0b9c46-acde-4319-a914-64212ea1fc62',23.2,98,0,647,NULL,6.3,6.4,'Hà Nội','2026-03-01 15:10:08'),('fb69507b-6db6-4422-9242-5d0f89ae54d6',23.4,95,0,0,NULL,6.3,11.2,'Hà Nội','2026-03-01 15:34:18'),('fb747cfc-9e6e-4c35-8d6c-706789f86ffd',24.2,92,0,0,NULL,6.2,12.5,'Hà Nội','2026-03-02 02:53:02'),('fb8d8e12-8111-472e-9ace-c601bf1c559f',23.3,96,0,0,NULL,6,7.9,'Hà Nội','2026-03-02 15:11:02'),('fb9d8c81-c67f-48d5-b570-09dffb24dd52',24.7,91,0,0,NULL,6,12.3,'Hà Nội','2026-03-02 06:32:02'),('fbc1e5a2-9102-4fda-a630-ec27bb4b784f',23.4,96,0,486,NULL,6.2,4.3,'Hà Nội','2026-03-02 16:20:15'),('fbcea1bf-cfe9-45c0-ba10-c88440550de4',31.5,68,0,963,NULL,5.9,12,'Hà Nội','2026-03-02 15:08:38'),('fc4da2dc-4b30-4057-a4d9-5548d3b627e6',24.7,91,0,0,NULL,5.9,12.3,'Hà Nội','2026-03-02 07:06:33'),('fc5d4585-0343-4f29-9060-25a69f42374d',23.2,97,0,0,NULL,6.5,6,'Hà Nội','2026-03-02 14:27:04'),('fc93d618-9d06-48af-b58d-82a655a7afb0',24.6,90,0,0,NULL,6.2,13.6,'Hà Nội','2026-03-01 14:06:15'),('fcb17477-1b71-4c13-890c-9bd66907bda7',26.3,87,0,656,NULL,5.9,3.4,'Hà Nội','2026-03-02 15:08:37'),('fce82ca2-ba94-43d5-b793-1c7323885d41',32.2,66,0,572,NULL,6.4,10.3,'Hà Nội','2026-03-02 15:22:16'),('fd613c1c-0bc9-48e0-9ad1-d4ec1db5aa39',31.3,61,0,929,NULL,5.9,8.7,'Hà Nội','2026-03-02 16:09:33'),('fd676010-bf7a-420f-9a46-6190b6d2c8e6',23.1,97,0,0,NULL,6.5,6.2,'Hà Nội','2026-03-02 15:08:38'),('fd7b8313-7773-418c-8e1c-72d468b37ecf',29.3,69,0,555,NULL,6.5,13.1,'Hà Nội','2026-03-01 15:17:59'),('fda6c9f8-a9b9-4c94-83b0-d8d31526b305',31.2,61,0,688,NULL,6.1,14.7,'Hà Nội','2026-03-01 14:05:59'),('fdfb39e9-906d-4381-891e-8dc0bd9ed29c',23.4,96,0,523,NULL,5.9,4.3,'Hà Nội','2026-03-02 15:13:30'),('fe20e8a3-102b-43cb-a400-86b34345dc07',23.4,98,0,419,NULL,6.2,4.3,'Hà Nội','2026-03-02 15:03:26'),('fe58941f-8e99-44ad-a405-963c2cf15d71',25.3,88,0,0,NULL,6,13.8,'Hà Nội','2026-03-02 16:20:15'),('fea439a6-ffe9-4f38-8c7e-3bc6b10366a5',27.5,80,0,0,NULL,6.4,17.4,'Hà Nội','2026-03-02 15:13:30'),('ff881725-7e0b-45b3-9056-df0c9f7882d6',28.7,75,0,0,NULL,5.9,14,'Hà Nội','2026-03-01 15:10:08'),('ffe48169-f3bf-49ff-afbe-fa3836e066c0',29.3,69,0,636,NULL,6.4,13.1,'Hà Nội','2026-03-01 14:10:55'),('fffb1b05-e7fd-4d19-a399-43bb1bad3b03',25,92,0,0,NULL,6.4,13,'Hà Nội','2026-03-01 15:17:59');
/*!40000 ALTER TABLE `climate_readings` ENABLE KEYS */;
UNLOCK TABLES;

--
-- Table structure for table `crops`
--

DROP TABLE IF EXISTS `crops`;
/*!40101 SET @saved_cs_client     = @@character_set_client */;
/*!50503 SET character_set_client = utf8mb4 */;
CREATE TABLE `crops` (
  `id` varchar(36) NOT NULL DEFAULT (uuid()),
  `name` text NOT NULL,
  `variety` text,
  `description` text,
  `growth_duration` int DEFAULT NULL,
  `optimal_temp` text,
  `optimal_humidity` text,
  `optimal_ph` text,
  `care_instructions` text,
  `image` text,
  PRIMARY KEY (`id`)
) ENGINE=InnoDB DEFAULT CHARSET=utf8mb4 COLLATE=utf8mb4_0900_ai_ci;
/*!40101 SET character_set_client = @saved_cs_client */;

--
-- Dumping data for table `crops`
--

LOCK TABLES `crops` WRITE;
/*!40000 ALTER TABLE `crops` DISABLE KEYS */;
INSERT INTO `crops` VALUES ('0598a560-4981-4e0a-804f-0af70a192933','Dâu tây ',NULL,NULL,NULL,NULL,NULL,NULL,NULL,'/media/upload/crops/dau-tay.webp'),('0896f92f-2147-4a08-b3fa-823373786032','Cây quất',NULL,'Thu hoạch bán Tết',120,NULL,NULL,NULL,NULL,NULL),('8362046e-90c5-4479-a786-cadfd2aebe44','Dưa hấu','Dưa hấu','abc',25,NULL,NULL,NULL,'abc','/media/upload/crops/Gemini_Generated_Image_j1ww8zj1ww8zj1ww.png'),('b61bb9ef-4bea-4d24-b329-3182b4fbef3d','Lạc',NULL,NULL,120,'25','75',NULL,'Trồng dặm/Làm cỏ/Xới đất/Tưới nước/Bón phân/Phòng bệnh/Thu hoạch','/media/upload/crops/8-loi-ich-bat-ngo-tu-cu-lac-1.webp');
/*!40000 ALTER TABLE `crops` ENABLE KEYS */;
UNLOCK TABLES;

--
-- Table structure for table `notifications`
--

DROP TABLE IF EXISTS `notifications`;
/*!40101 SET @saved_cs_client     = @@character_set_client */;
/*!50503 SET character_set_client = utf8mb4 */;
CREATE TABLE `notifications` (
  `id` varchar(36) NOT NULL DEFAULT (uuid()),
  `target_user_id` varchar(36) DEFAULT NULL,
  `title` text NOT NULL,
  `message` text NOT NULL,
  `is_read` tinyint(1) DEFAULT '0',
  `related_id` varchar(36) DEFAULT NULL,
  `created_at` timestamp NULL DEFAULT (now()),
  PRIMARY KEY (`id`),
  KEY `notifications_target_user_id_users_id_fk` (`target_user_id`),
  CONSTRAINT `notifications_target_user_id_users_id_fk` FOREIGN KEY (`target_user_id`) REFERENCES `users` (`id`)
) ENGINE=InnoDB DEFAULT CHARSET=utf8mb4 COLLATE=utf8mb4_0900_ai_ci;
/*!40101 SET character_set_client = @saved_cs_client */;

--
-- Dumping data for table `notifications`
--

LOCK TABLES `notifications` WRITE;
/*!40000 ALTER TABLE `notifications` DISABLE KEYS */;
INSERT INTO `notifications` VALUES ('1424da6d-b2f2-4edd-85f6-d360ea9e1b5f','9e806a0c-13f2-11f1-82dd-02509507bd80','Công việc mới được giao','Bạn được giao công việc: \"gieo trồng\"',0,'206b5d39-cce9-43bb-b8e2-3772408e8d69','2026-03-02 12:38:32'),('158810e2-db00-4809-be6d-37d60061db2a','9e806cf6-13f2-11f1-82dd-02509507bd80','Công việc mới được giao','Bạn được giao công việc: \"xới đất\"',0,'ba678cd4-caaa-4f5c-8dbc-6df4c4406e03','2026-03-02 15:37:29'),('29437408-4b1b-4b3a-af20-81be1f142261','9e806a0c-13f2-11f1-82dd-02509507bd80','Công việc mới được giao','Bạn được giao công việc: \"a\"',0,'608d9793-514b-4ae3-84c5-8319a0f6f32f','2026-03-02 15:09:59'),('2da059b3-2c1b-497e-95c9-8e79f15f8dd0','9e806a0c-13f2-11f1-82dd-02509507bd80','Công việc mới được giao','Bạn được giao công việc: \"Thu hoạch\"',0,'ab897464-57f7-420e-819c-5b897fc4aa70','2026-03-02 02:24:24'),('3251b114-df99-403c-9db5-4ffe5bba0c18','9e806a0c-13f2-11f1-82dd-02509507bd80','Công việc mới được giao','Bạn được giao công việc: \"Chuẩn bị giống\"',0,'95c7352d-8ae1-41d2-8772-74060cbd4645','2026-03-02 02:24:22'),('3c7c0d9c-0c60-4353-9eea-a670cfc8b760','9e806a0c-13f2-11f1-82dd-02509507bd80','Công việc mới được giao','Bạn được giao công việc: \"Chuẩn bị đất\"',0,'e59b72bf-5ee5-484a-827c-a3c977cdd892','2026-03-02 02:24:23'),('492fefc8-03fd-43b6-9d65-bb8054e25795','9e806a0c-13f2-11f1-82dd-02509507bd80','Công việc mới được giao','Bạn được giao công việc: \"a\"',0,'2674db82-a077-417a-8bb6-039d0c989338','2026-03-02 15:09:59'),('4a2baff3-cc44-431a-8383-40102f9c28fc','9e806cf6-13f2-11f1-82dd-02509507bd80','Công việc mới được giao','Bạn được giao công việc: \"xới đất\"',0,'8a9e7df4-cd7f-4f09-90dc-2c85a6f0d45d','2026-03-02 06:30:08'),('54aae48c-0a78-43f0-b9d0-4ec2a35bdf23','9e806a0c-13f2-11f1-82dd-02509507bd80','Công việc mới được giao','Bạn được giao công việc: \"Chăm sóc\"',0,'cb631b2d-2cc1-4e9c-aa5a-9c6e5c8cfd6f','2026-03-02 02:24:24'),('706c8f9e-bff4-4505-aa3b-89834fe35b64','9e806a0c-13f2-11f1-82dd-02509507bd80','Công việc mới được giao','Bạn được giao công việc: \"Làm cỏ\"',0,'8b255c3e-fd44-4086-9421-0274fb19254e','2026-03-02 15:37:32'),('7c2eb2dc-6464-4606-b8be-aa7cfe1af732','9e806c76-13f2-11f1-82dd-02509507bd80','Công việc mới được giao','Bạn được giao công việc: \"Bón phân\"',0,'46cf65e4-17e6-4ae6-9e03-1e92556c5cc4','2026-03-02 15:37:30'),('7fa6d22c-5325-4b15-afef-78e4579b3f6b','9e806a0c-13f2-11f1-82dd-02509507bd80','Công việc mới được giao','Bạn được giao công việc: \"Làm cỏ\"',0,'a859edb6-79be-449c-83fb-eddbf16abfa6','2026-03-02 15:37:27'),('859df7e0-8aa6-463c-8312-9c3343446f55','9e806c76-13f2-11f1-82dd-02509507bd80','Công việc mới được giao','Bạn được giao công việc: \"Bón phân\"',0,'1037df2f-bcad-40be-aa90-d5a183922683','2026-03-02 09:19:22'),('85c2c621-d45f-4964-b02f-1ecf59eb17ab','9e806c76-13f2-11f1-82dd-02509507bd80','Công việc mới được giao','Bạn được giao công việc: \"Bón phân\"',0,'a254e019-886a-493c-b1c4-76ae32af53a9','2026-03-02 15:37:26'),('be7b53fa-2f6f-462c-bb13-c0163c234dae','9e806a0c-13f2-11f1-82dd-02509507bd80','Công việc mới được giao','Bạn được giao công việc: \"tưới nước\"',0,'003521be-b0da-40ed-8baf-a887e3d0990e','2026-03-02 15:20:04'),('e0fad6bf-e50f-4dc9-a741-cceb62221112','9e806a0c-13f2-11f1-82dd-02509507bd80','Công việc mới được giao','Bạn được giao công việc: \"Trồng cây\"',0,'b44be4e5-7762-477b-a45b-b3d8d1ff76e1','2026-03-02 02:24:23'),('ed6086a6-faee-4f2e-9328-99102fa473ad','9e806a0c-13f2-11f1-82dd-02509507bd80','Công việc mới được giao','Bạn được giao công việc: \"gieo trồng\"',0,'3daacd9d-9949-4b80-a623-b68965268377','2026-03-02 02:03:27'),('ee32c911-55c9-46b7-849c-8bac633b7cbe','9e806a0c-13f2-11f1-82dd-02509507bd80','Công việc mới được giao','Bạn được giao công việc: \"Làm cỏ\"',0,'83cbab7e-0fdf-4fba-a6ed-db6a127dd8ce','2026-03-02 07:11:51');
/*!40000 ALTER TABLE `notifications` ENABLE KEYS */;
UNLOCK TABLES;

--
-- Table structure for table `seasons`
--

DROP TABLE IF EXISTS `seasons`;
/*!40101 SET @saved_cs_client     = @@character_set_client */;
/*!50503 SET character_set_client = utf8mb4 */;
CREATE TABLE `seasons` (
  `id` varchar(36) NOT NULL DEFAULT (uuid()),
  `name` text NOT NULL,
  `crop_id` varchar(36) DEFAULT NULL,
  `status` enum('planning','active','completed') NOT NULL DEFAULT 'planning',
  `current_stage` enum('preparation','planting','caring','harvesting') DEFAULT 'preparation',
  `start_date` date DEFAULT NULL,
  `end_date` date DEFAULT NULL,
  `area` float DEFAULT NULL,
  `area_unit` text DEFAULT (_utf8mb4'ha'),
  `notes` text,
  `progress` int DEFAULT '0',
  `estimated_yield` float DEFAULT NULL,
  `cultivation_zone` text,
  PRIMARY KEY (`id`),
  KEY `seasons_crop_id_crops_id_fk` (`crop_id`),
  CONSTRAINT `seasons_crop_id_crops_id_fk` FOREIGN KEY (`crop_id`) REFERENCES `crops` (`id`)
) ENGINE=InnoDB DEFAULT CHARSET=utf8mb4 COLLATE=utf8mb4_0900_ai_ci;
/*!40101 SET character_set_client = @saved_cs_client */;

--
-- Dumping data for table `seasons`
--

LOCK TABLES `seasons` WRITE;
/*!40000 ALTER TABLE `seasons` DISABLE KEYS */;
INSERT INTO `seasons` VALUES ('09f2ba59-4bfa-43eb-a761-665237f20694','a','8362046e-90c5-4479-a786-cadfd2aebe44','planning','preparation','2026-03-04','2026-03-12',19,'ha',NULL,0,10,'a'),('1f8b25c5-f717-4dc9-816d-15f2669b4c28','Lạc hè 2026 (Mới)','b61bb9ef-4bea-4d24-b329-3182b4fbef3d','planning','preparation','2026-03-02','2026-07-02',3,'ha',NULL,100,0.6,'Thửa đất Thái Bình'),('6a515a86-5524-4d31-8cf8-41c2e1317993','Quất xuân hè 2026','0896f92f-2147-4a08-b3fa-823373786032','planning','preparation',NULL,NULL,NULL,'ha',NULL,0,NULL,NULL),('8729c462-c5e5-41be-a792-4b2173cf34f1','Dâu tây 2026','0598a560-4981-4e0a-804f-0af70a192933','planning','planting','2026-03-02','2026-03-31',5,'ha',NULL,60,10,'Khu B'),('96fbc2c1-afce-48ab-9f70-cce85f920154','a','8362046e-90c5-4479-a786-cadfd2aebe44','planning','preparation','2026-03-04','2026-03-12',19,'ha',NULL,0,10,'a'),('975f882e-c98c-45eb-9cf1-fd718a50aad7','Dưa hấu 2026 (Mới)','8362046e-90c5-4479-a786-cadfd2aebe44','planning','preparation','2026-03-04','2026-03-31',10,'ha',NULL,0,20,'Khu A'),('ed6567cd-2878-4c44-b6c2-86818532bbeb','Dưa hấu 2026','8362046e-90c5-4479-a786-cadfd2aebe44','active','caring','2026-03-04','2026-03-31',10,'ha',NULL,20,20,'Khu A'),('ef0d8d76-f419-4ac0-b8fc-9a0c2f3c2473','Lạc hè 2026 (Mới)','b61bb9ef-4bea-4d24-b329-3182b4fbef3d','planning','preparation','2026-03-02','2026-07-02',3,'ha',NULL,67,0.6,'Thửa đất Thái Bình'),('fb0cebec-8efc-4c1a-98a3-a4d1f0847ef8','Lạc hè 2026','b61bb9ef-4bea-4d24-b329-3182b4fbef3d','completed','harvesting','2026-03-02','2026-07-02',3,'ha',NULL,100,0.6,'Thửa đất Thái Bình');
/*!40000 ALTER TABLE `seasons` ENABLE KEYS */;
UNLOCK TABLES;

--
-- Table structure for table `supplies`
--

DROP TABLE IF EXISTS `supplies`;
/*!40101 SET @saved_cs_client     = @@character_set_client */;
/*!50503 SET character_set_client = utf8mb4 */;
CREATE TABLE `supplies` (
  `id` varchar(36) NOT NULL DEFAULT (uuid()),
  `name` text NOT NULL,
  `category` text,
  `unit` text NOT NULL,
  `current_stock` float NOT NULL DEFAULT '0',
  `min_threshold` float DEFAULT '0',
  `status` enum('ok','low','out') DEFAULT 'ok',
  PRIMARY KEY (`id`)
) ENGINE=InnoDB DEFAULT CHARSET=utf8mb4 COLLATE=utf8mb4_0900_ai_ci;
/*!40101 SET character_set_client = @saved_cs_client */;

--
-- Dumping data for table `supplies`
--

LOCK TABLES `supplies` WRITE;
/*!40000 ALTER TABLE `supplies` DISABLE KEYS */;
INSERT INTO `supplies` VALUES ('1df02680-cdf2-48db-8a9f-e6bc6c54819f','Thuốc trừ sâu ','Thuốc bảo vệ thực vật','gói',17,3,'ok'),('e575b0f2-3f6e-4aff-88ee-87185457b39f','Phân NPK','Phân bón','gói',32,5,'ok'),('fb42fff4-8ade-4097-8de1-32e5605991f6','Thuốc trừ nấm','Thuốc bảo vệ thực vật','gói',30,5,'ok'),('fe43539e-ff83-4a95-a14b-f055dbfc04e3','abc','abc','kg',10,1,'ok');
/*!40000 ALTER TABLE `supplies` ENABLE KEYS */;
UNLOCK TABLES;

--
-- Table structure for table `supply_transactions`
--

DROP TABLE IF EXISTS `supply_transactions`;
/*!40101 SET @saved_cs_client     = @@character_set_client */;
/*!50503 SET character_set_client = utf8mb4 */;
CREATE TABLE `supply_transactions` (
  `id` varchar(36) NOT NULL DEFAULT (uuid()),
  `supply_id` varchar(36) DEFAULT NULL,
  `season_id` varchar(36) DEFAULT NULL,
  `type` text NOT NULL,
  `quantity` float NOT NULL,
  `note` text,
  `created_at` timestamp NULL DEFAULT (now()),
  PRIMARY KEY (`id`),
  KEY `supply_transactions_supply_id_supplies_id_fk` (`supply_id`),
  KEY `supply_transactions_season_id_seasons_id_fk` (`season_id`),
  CONSTRAINT `supply_transactions_season_id_seasons_id_fk` FOREIGN KEY (`season_id`) REFERENCES `seasons` (`id`),
  CONSTRAINT `supply_transactions_supply_id_supplies_id_fk` FOREIGN KEY (`supply_id`) REFERENCES `supplies` (`id`)
) ENGINE=InnoDB DEFAULT CHARSET=utf8mb4 COLLATE=utf8mb4_0900_ai_ci;
/*!40101 SET character_set_client = @saved_cs_client */;

--
-- Dumping data for table `supply_transactions`
--

LOCK TABLES `supply_transactions` WRITE;
/*!40000 ALTER TABLE `supply_transactions` DISABLE KEYS */;
INSERT INTO `supply_transactions` VALUES ('26761b70-d744-43ed-aafc-34262b65b43b','e575b0f2-3f6e-4aff-88ee-87185457b39f','975f882e-c98c-45eb-9cf1-fd718a50aad7','import',2,'','2026-03-02 15:13:28'),('2d20fbe5-2b82-4a07-a599-314da8970d40','1df02680-cdf2-48db-8a9f-e6bc6c54819f','ed6567cd-2878-4c44-b6c2-86818532bbeb','export',3,'','2026-03-02 13:09:44');
/*!40000 ALTER TABLE `supply_transactions` ENABLE KEYS */;
UNLOCK TABLES;

--
-- Table structure for table `tasks`
--

DROP TABLE IF EXISTS `tasks`;
/*!40101 SET @saved_cs_client     = @@character_set_client */;
/*!50503 SET character_set_client = utf8mb4 */;
CREATE TABLE `tasks` (
  `id` varchar(36) NOT NULL DEFAULT (uuid()),
  `title` text NOT NULL,
  `description` text,
  `season_id` varchar(36) DEFAULT NULL,
  `assignee_id` varchar(36) DEFAULT NULL,
  `status` enum('todo','doing','done','overdue') NOT NULL DEFAULT 'todo',
  `priority` enum('low','medium','high') DEFAULT 'medium',
  `stage` enum('preparation','planting','caring','harvesting') DEFAULT NULL,
  `due_date` date DEFAULT NULL,
  `completed_at` timestamp NULL DEFAULT NULL,
  `created_at` timestamp NULL DEFAULT (now()),
  `proof_image` text,
  `harvest_yield` float DEFAULT NULL,
  PRIMARY KEY (`id`),
  KEY `tasks_season_id_seasons_id_fk` (`season_id`),
  KEY `tasks_assignee_id_users_id_fk` (`assignee_id`),
  CONSTRAINT `tasks_assignee_id_users_id_fk` FOREIGN KEY (`assignee_id`) REFERENCES `users` (`id`),
  CONSTRAINT `tasks_season_id_seasons_id_fk` FOREIGN KEY (`season_id`) REFERENCES `seasons` (`id`)
) ENGINE=InnoDB DEFAULT CHARSET=utf8mb4 COLLATE=utf8mb4_0900_ai_ci;
/*!40101 SET character_set_client = @saved_cs_client */;

--
-- Dumping data for table `tasks`
--

LOCK TABLES `tasks` WRITE;
/*!40000 ALTER TABLE `tasks` DISABLE KEYS */;
INSERT INTO `tasks` VALUES ('003521be-b0da-40ed-8baf-a887e3d0990e','tưới nước','','6a515a86-5524-4d31-8cf8-41c2e1317993','9e806a0c-13f2-11f1-82dd-02509507bd80','done','medium','caring',NULL,'2026-03-02 15:20:59','2026-03-02 15:20:04',NULL,NULL),('1037df2f-bcad-40be-aa90-d5a183922683','Bón phân','Bón phân kali','fb0cebec-8efc-4c1a-98a3-a4d1f0847ef8','9e806c76-13f2-11f1-82dd-02509507bd80','done','high','caring','2026-03-03','2026-03-02 09:33:49','2026-03-02 09:19:22',NULL,NULL),('206b5d39-cce9-43bb-b8e2-3772408e8d69','gieo trồng','','975f882e-c98c-45eb-9cf1-fd718a50aad7','9e806a0c-13f2-11f1-82dd-02509507bd80','done','medium','planting','2026-03-08','2026-03-02 15:03:54','2026-03-02 12:38:31',NULL,NULL),('2674db82-a077-417a-8bb6-039d0c989338','a','','09f2ba59-4bfa-43eb-a761-665237f20694','9e806a0c-13f2-11f1-82dd-02509507bd80','done','medium','preparation','2026-03-06','2026-03-02 15:16:44','2026-03-02 15:09:59',NULL,NULL),('3daacd9d-9949-4b80-a623-b68965268377','gieo trồng','','ed6567cd-2878-4c44-b6c2-86818532bbeb','9e806a0c-13f2-11f1-82dd-02509507bd80','done','medium','planting','2026-03-04','2026-03-02 02:09:55','2026-03-02 02:03:27',NULL,NULL),('46cf65e4-17e6-4ae6-9e03-1e92556c5cc4','Bón phân','Bón phân kali','1f8b25c5-f717-4dc9-816d-15f2669b4c28','9e806c76-13f2-11f1-82dd-02509507bd80','done','high','caring','2026-03-03','2026-03-02 16:18:36','2026-03-02 15:37:30',NULL,NULL),('608d9793-514b-4ae3-84c5-8319a0f6f32f','a','','96fbc2c1-afce-48ab-9f70-cce85f920154','9e806a0c-13f2-11f1-82dd-02509507bd80','doing','medium','preparation','2026-03-06',NULL,'2026-03-02 15:09:59',NULL,NULL),('83cbab7e-0fdf-4fba-a6ed-db6a127dd8ce','Làm cỏ','Làm sạch cỏ','fb0cebec-8efc-4c1a-98a3-a4d1f0847ef8','9e806a0c-13f2-11f1-82dd-02509507bd80','done','medium','caring','2026-03-04','2026-03-02 09:35:09','2026-03-02 07:11:51',NULL,NULL),('8a9e7df4-cd7f-4f09-90dc-2c85a6f0d45d','xới đất','','fb0cebec-8efc-4c1a-98a3-a4d1f0847ef8','9e806cf6-13f2-11f1-82dd-02509507bd80','done','medium','planting',NULL,'2026-03-02 09:33:36','2026-03-02 06:30:08',NULL,NULL),('8b255c3e-fd44-4086-9421-0274fb19254e','Làm cỏ','Làm sạch cỏ','1f8b25c5-f717-4dc9-816d-15f2669b4c28','9e806a0c-13f2-11f1-82dd-02509507bd80','done','medium','caring','2026-03-04','2026-03-02 16:16:08','2026-03-02 15:37:31',NULL,NULL),('95c7352d-8ae1-41d2-8772-74060cbd4645','Chuẩn bị giống','','8729c462-c5e5-41be-a792-4b2173cf34f1','9e806a0c-13f2-11f1-82dd-02509507bd80','todo','medium','planting','2026-03-04',NULL,'2026-03-02 02:24:22',NULL,NULL),('a254e019-886a-493c-b1c4-76ae32af53a9','Bón phân','Bón phân kali','ef0d8d76-f419-4ac0-b8fc-9a0c2f3c2473','9e806c76-13f2-11f1-82dd-02509507bd80','todo','high','caring','2026-03-03',NULL,'2026-03-02 15:37:25',NULL,NULL),('a859edb6-79be-449c-83fb-eddbf16abfa6','Làm cỏ','Làm sạch cỏ','ef0d8d76-f419-4ac0-b8fc-9a0c2f3c2473','9e806a0c-13f2-11f1-82dd-02509507bd80','done','medium','caring','2026-03-04','2026-03-02 16:16:52','2026-03-02 15:37:26',NULL,NULL),('ab897464-57f7-420e-819c-5b897fc4aa70','Thu hoạch','','8729c462-c5e5-41be-a792-4b2173cf34f1','9e806a0c-13f2-11f1-82dd-02509507bd80','done','medium','planting','2026-03-19','2026-03-02 15:07:14','2026-03-02 02:24:24',NULL,NULL),('b44be4e5-7762-477b-a45b-b3d8d1ff76e1','Trồng cây','','8729c462-c5e5-41be-a792-4b2173cf34f1','9e806a0c-13f2-11f1-82dd-02509507bd80','doing','medium','caring','2026-03-07',NULL,'2026-03-02 02:24:23',NULL,NULL),('ba678cd4-caaa-4f5c-8dbc-6df4c4406e03','xới đất','','ef0d8d76-f419-4ac0-b8fc-9a0c2f3c2473','9e806cf6-13f2-11f1-82dd-02509507bd80','done','medium','planting','2026-03-05','2026-03-02 15:39:19','2026-03-02 15:37:28',NULL,NULL),('cb631b2d-2cc1-4e9c-aa5a-9c6e5c8cfd6f','Chăm sóc','','8729c462-c5e5-41be-a792-4b2173cf34f1','9e806a0c-13f2-11f1-82dd-02509507bd80','done','medium','caring','2026-03-12','2026-03-02 15:24:50','2026-03-02 02:24:24',NULL,NULL),('e59b72bf-5ee5-484a-827c-a3c977cdd892','Chuẩn bị đất','','8729c462-c5e5-41be-a792-4b2173cf34f1','9e806a0c-13f2-11f1-82dd-02509507bd80','done','medium','planting','2026-03-06','2026-03-02 16:18:27','2026-03-02 02:24:23',NULL,NULL);
/*!40000 ALTER TABLE `tasks` ENABLE KEYS */;
UNLOCK TABLES;

--
-- Table structure for table `users`
--

DROP TABLE IF EXISTS `users`;
/*!40101 SET @saved_cs_client     = @@character_set_client */;
/*!50503 SET character_set_client = utf8mb4 */;
CREATE TABLE `users` (
  `id` varchar(36) NOT NULL DEFAULT (uuid()),
  `username` text NOT NULL,
  `password` text NOT NULL,
  `full_name` text NOT NULL,
  `role` enum('manager','farmer') NOT NULL DEFAULT 'farmer',
  `phone` text,
  `avatar` text,
  `is_locked` tinyint(1) DEFAULT '0',
  PRIMARY KEY (`id`)
) ENGINE=InnoDB DEFAULT CHARSET=utf8mb4 COLLATE=utf8mb4_0900_ai_ci;
/*!40101 SET character_set_client = @saved_cs_client */;

--
-- Dumping data for table `users`
--

LOCK TABLES `users` WRITE;
/*!40000 ALTER TABLE `users` DISABLE KEYS */;
INSERT INTO `users` VALUES ('9e803ba7-13f2-11f1-82dd-02509507bd80','admin','admin123','Nguyễn Văn Minh','manager','0901234567',NULL,0),('9e806a0c-13f2-11f1-82dd-02509507bd80','farmer1','farmer123','Trần Thị Lan','farmer','0912345678',NULL,0),('9e806c76-13f2-11f1-82dd-02509507bd80','farmer2','farmer123','Lê Văn Hùng','farmer','0923456789',NULL,0),('9e806cf6-13f2-11f1-82dd-02509507bd80','farmer3','farmer123','Phạm Thị Mai','farmer','0934567890',NULL,0);
/*!40000 ALTER TABLE `users` ENABLE KEYS */;
UNLOCK TABLES;

--
-- Table structure for table `work_logs`
--

DROP TABLE IF EXISTS `work_logs`;
/*!40101 SET @saved_cs_client     = @@character_set_client */;
/*!50503 SET character_set_client = utf8mb4 */;
CREATE TABLE `work_logs` (
  `id` varchar(36) NOT NULL DEFAULT (uuid()),
  `task_id` varchar(36) DEFAULT NULL,
  `season_id` varchar(36) DEFAULT NULL,
  `user_id` varchar(36) DEFAULT NULL,
  `content` text NOT NULL,
  `hours_worked` float DEFAULT NULL,
  `created_at` timestamp NULL DEFAULT (now()),
  `supply_id` varchar(36) DEFAULT NULL,
  `supply_quantity` float DEFAULT NULL,
  PRIMARY KEY (`id`),
  KEY `work_logs_task_id_tasks_id_fk` (`task_id`),
  KEY `work_logs_season_id_seasons_id_fk` (`season_id`),
  KEY `work_logs_user_id_users_id_fk` (`user_id`),
  KEY `work_logs_supply_id_supplies_id_fk` (`supply_id`),
  CONSTRAINT `work_logs_season_id_seasons_id_fk` FOREIGN KEY (`season_id`) REFERENCES `seasons` (`id`),
  CONSTRAINT `work_logs_supply_id_supplies_id_fk` FOREIGN KEY (`supply_id`) REFERENCES `supplies` (`id`),
  CONSTRAINT `work_logs_task_id_tasks_id_fk` FOREIGN KEY (`task_id`) REFERENCES `tasks` (`id`),
  CONSTRAINT `work_logs_user_id_users_id_fk` FOREIGN KEY (`user_id`) REFERENCES `users` (`id`)
) ENGINE=InnoDB DEFAULT CHARSET=utf8mb4 COLLATE=utf8mb4_0900_ai_ci;
/*!40101 SET character_set_client = @saved_cs_client */;

--
-- Dumping data for table `work_logs`
--

LOCK TABLES `work_logs` WRITE;
/*!40000 ALTER TABLE `work_logs` DISABLE KEYS */;
INSERT INTO `work_logs` VALUES ('227bce8f-6a33-42c8-8c6d-c568e03aec35','206b5d39-cce9-43bb-b8e2-3772408e8d69','975f882e-c98c-45eb-9cf1-fd718a50aad7','9e806a0c-13f2-11f1-82dd-02509507bd80','Hoàn thành công việc: gieo trồng\nGiai đoạn: Gieo trồng\nMùa vụ: Dưa hấu 2026 (Mới)',NULL,'2026-03-02 15:03:54',NULL,NULL),('2668b305-e39d-46d7-9b58-9bb27d5bc1cf','8b255c3e-fd44-4086-9421-0274fb19254e','1f8b25c5-f717-4dc9-816d-15f2669b4c28','9e806a0c-13f2-11f1-82dd-02509507bd80','Hoàn thành: Làm cỏ',NULL,'2026-03-02 16:16:07',NULL,NULL),('33d49498-4d03-4d94-a9ad-c7279881424c',NULL,'ed6567cd-2878-4c44-b6c2-86818532bbeb','9e806cf6-13f2-11f1-82dd-02509507bd80','Hoàn thành giai đoạn: Gieo trồng - Dưa hấu 2026',NULL,'2026-03-02 09:32:51',NULL,NULL),('3d58f655-591e-49b1-b67d-32e3d6e86ab2','e59b72bf-5ee5-484a-827c-a3c977cdd892','8729c462-c5e5-41be-a792-4b2173cf34f1','9e806a0c-13f2-11f1-82dd-02509507bd80','Hoàn thành: Chuẩn bị đất',NULL,'2026-03-02 16:18:27',NULL,NULL),('6a6dba29-be6d-44d5-a139-3b72f74e4fbd',NULL,'fb0cebec-8efc-4c1a-98a3-a4d1f0847ef8','9e806cf6-13f2-11f1-82dd-02509507bd80','Hoàn thành giai đoạn: Thu hoạch - Lạc hè 2026',NULL,'2026-03-02 09:35:09',NULL,NULL),('6b54db68-be50-47e9-a75c-e2fe04525ee0',NULL,'fb0cebec-8efc-4c1a-98a3-a4d1f0847ef8','9e806a0c-13f2-11f1-82dd-02509507bd80','Hoàn thành giai đoạn: Gieo trồng - Lạc hè 2026',NULL,'2026-03-02 07:00:35',NULL,NULL),('7c031661-dcd6-4926-8a04-52b8e3d0ed79','46cf65e4-17e6-4ae6-9e03-1e92556c5cc4','1f8b25c5-f717-4dc9-816d-15f2669b4c28','9e806c76-13f2-11f1-82dd-02509507bd80','Hoàn thành: Bón phân',NULL,'2026-03-02 16:18:35',NULL,NULL),('891ab7c2-0639-4fe3-aa26-cd20c5aa9454','ab897464-57f7-420e-819c-5b897fc4aa70','8729c462-c5e5-41be-a792-4b2173cf34f1','9e806a0c-13f2-11f1-82dd-02509507bd80','Hoàn thành: Thu hoạch',NULL,'2026-03-02 15:07:14',NULL,NULL),('9ef828e4-b8ae-4970-a7b0-86a40bb626e9','a859edb6-79be-449c-83fb-eddbf16abfa6','ef0d8d76-f419-4ac0-b8fc-9a0c2f3c2473','9e806a0c-13f2-11f1-82dd-02509507bd80','Hoàn thành: Làm cỏ',NULL,'2026-03-02 16:16:52',NULL,NULL),('a6478582-5f96-4757-a54b-ee608aba45fe',NULL,'fb0cebec-8efc-4c1a-98a3-a4d1f0847ef8','9e806a0c-13f2-11f1-82dd-02509507bd80','Hoàn thành giai đoạn: Chăm bón - Lạc hè 2026',NULL,'2026-03-02 07:15:02',NULL,NULL),('bbd6617c-9f5a-4c23-be7e-d34021d20e17','3daacd9d-9949-4b80-a623-b68965268377','ed6567cd-2878-4c44-b6c2-86818532bbeb','9e806a0c-13f2-11f1-82dd-02509507bd80','Hoàn thành: gieo trồng',NULL,'2026-03-02 02:09:55',NULL,NULL),('ccea94fe-5820-4dd0-add2-2a0e586478ae','ba678cd4-caaa-4f5c-8dbc-6df4c4406e03','ef0d8d76-f419-4ac0-b8fc-9a0c2f3c2473','9e806cf6-13f2-11f1-82dd-02509507bd80','Hoàn thành: xới đất',NULL,'2026-03-02 15:39:19',NULL,NULL),('d09c38f6-9640-4b22-8e1b-062c9100da67','cb631b2d-2cc1-4e9c-aa5a-9c6e5c8cfd6f','8729c462-c5e5-41be-a792-4b2173cf34f1','9e806a0c-13f2-11f1-82dd-02509507bd80','Hoàn thành công việc: Chăm sóc\nGiai đoạn: Chăm sóc\nMùa vụ: Dâu tây 2026',NULL,'2026-03-02 15:24:50',NULL,NULL),('fbdbbf44-ac87-48fa-b65c-f17493f029ba','2674db82-a077-417a-8bb6-039d0c989338','09f2ba59-4bfa-43eb-a761-665237f20694','9e806a0c-13f2-11f1-82dd-02509507bd80','Hoàn thành công việc: a\nGiai đoạn: Chuẩn bị\nMùa vụ: a',NULL,'2026-03-02 15:16:44',NULL,NULL);
/*!40000 ALTER TABLE `work_logs` ENABLE KEYS */;
UNLOCK TABLES;
/*!40103 SET TIME_ZONE=@OLD_TIME_ZONE */;

/*!40101 SET SQL_MODE=@OLD_SQL_MODE */;
/*!40014 SET FOREIGN_KEY_CHECKS=@OLD_FOREIGN_KEY_CHECKS */;
/*!40014 SET UNIQUE_CHECKS=@OLD_UNIQUE_CHECKS */;
/*!40101 SET CHARACTER_SET_CLIENT=@OLD_CHARACTER_SET_CLIENT */;
/*!40101 SET CHARACTER_SET_RESULTS=@OLD_CHARACTER_SET_RESULTS */;
/*!40101 SET COLLATION_CONNECTION=@OLD_COLLATION_CONNECTION */;
/*!40111 SET SQL_NOTES=@OLD_SQL_NOTES */;

-- Dump completed on 2026-03-02 23:40:51
